Postal code	Tax
00100	18.0
00120	18.0
00130	18.0
00140	18.0
00150	18.0
00160	18.0
00170	18.0
00180	18.0
00190	18.0
00200	18.0
00210	18.0
00220	18.0
00230	18.0
00240	18.0
00250	18.0
00260	18.0
00270	18.0
00280	18.0
00290	18.0
00300	18.0
00310	18.0
00320	18.0
00330	18.0
00340	18.0
00350	18.0
00360	18.0
00370	18.0
00380	18.0
00390	18.0
00400	18.0
00410	18.0
00420	18.0
00430	18.0
00440	18.0
00500	18.0
00510	18.0
00520	18.0
00530	18.0
00540	18.0
00550	18.0
00560	18.0
00570	18.0
00580	18.0
00590	18.0
00600	18.0
00610	18.0
00620	18.0
00630	18.0
00640	18.0
00650	18.0
00660	18.0
00670	18.0
00680	18.0
00690	18.0
00700	18.0
00710	18.0
00720	18.0
00730	18.0
00740	18.0
00750	18.0
00760	18.0
00770	18.0
00780	18.0
00790	18.0
00800	18.0
00810	18.0
00820	18.0
00830	18.0
00840	18.0
00850	18.0
00860	18.0
00870	18.0
00880	18.0
00890	18.0
00900	18.0
00910	18.0
00920	18.0
00930	18.0
00940	18.0
00950	18.0
00960	18.0
00970	18.0
00980	18.0
00990	18.0
01120	19.25
01150	19.25
01180	19.75
01190	19.25
01200	19.0
01230	19.0
01260	19.0
01280	19.0
01300	19.0
01340	19.0
01350	19.0
01360	19.0
01370	19.0
01380	19.0
01390	19.0
01400	19.0
01420	19.0
01450	19.0
01480	19.0
01490	19.25
01510	19.0
01520	19.0
01530	19.0
01600	19.0
01610	19.0
01620	19.0
01630	19.0
01640	19.0
01650	19.0
01660	19.0
01670	19.0
01680	19.0
01690	19.0
01700	19.0
01710	19.0
01720	19.0
01730	19.0
01740	19.0
01750	19.0
01760	19.0
01770	19.0
01800	19.5
01810	19.5
01820	19.5
01830	19.5
01840	19.5
01860	19.5
01900	19.5
01940	19.5
02100	18.0
02110	18.0
02120	18.0
02130	18.0
02140	18.0
02150	18.0
02160	18.0
02170	18.0
02180	18.0
02200	18.0
02210	18.0
02230	18.0
02240	18.0
02250	18.0
02260	18.0
02270	18.0
02280	18.0
02290	18.0
02300	18.0
02320	18.0
02330	18.0
02340	18.0
02360	18.0
02380	18.0
02390	19.75
02400	19.75
02410	19.75
02420	19.75
02430	19.75
02440	19.75
02450	19.75
02460	19.75
02470	19.75
02480	19.75
02490	21.5
02510	19.75
02520	19.75
02540	19.75
02550	19.75
02570	21.5
02580	21.5
02590	21.5
02600	18.0
02610	18.0
02620	18.0
02630	18.0
02650	18.0
02660	18.0
02680	18.0
02700	17.0
02710	18.0
02720	18.0
02730	18.0
02740	18.0
02750	18.0
02760	18.0
02770	18.0
02780	18.0
02810	18.0
02820	18.0
02860	18.0
02880	19.75
02920	18.0
02940	18.0
02970	18.0
02980	18.0
03100	20.5
03150	20.5
03220	20.5
03250	20.5
03300	20.5
03320	20.5
03400	20.5
03430	20.5
03600	20.75
03620	20.75
03710	20.75
03790	20.5
03810	20.5
03850	20.5
03870	20.5
04130	19.25
04150	19.25
04170	19.25
04200	19.25
04220	19.25
04230	19.25
04240	19.25
04250	19.25
04260	19.25
04300	19.5
04310	19.5
04320	19.5
04330	19.5
04340	19.5
04350	19.5
04360	19.5
04370	19.5
04380	19.5
04390	19.5
04400	19.75
04410	19.75
04420	19.75
04430	19.75
04440	19.75
04460	19.5
04480	20.5
04500	19.5
04530	20.5
04600	20.5
04620	20.5
04630	20.5
04660	20.5
04680	20.5
04740	20.5
04770	20.5
04820	20.5
04840	20.5
04920	20.5
04940	20.5
05100	19.5
05200	19.5
05250	19.5
05400	19.5
05430	19.5
05440	19.75
05450	19.5
05460	19.75
05470	19.75
05510	19.75
05620	19.75
05720	19.75
05800	19.75
05810	19.75
05820	19.75
05830	19.75
05840	19.75
05850	19.75
05860	19.75
05880	19.75
05900	19.75
05950	19.75
06100	19.75
06150	19.75
06200	19.75
06400	19.75
06450	19.75
06500	19.75
06530	19.75
06650	19.75
06750	19.75
06830	19.75
06850	19.75
06880	19.25
06950	19.75
07110	19.75
07130	19.75
07150	20.5
07170	20.5
07190	20.5
07220	19.75
07230	21.5
07280	19.75
07310	19.75
07320	19.75
07350	19.75
07360	19.75
07370	19.75
07390	19.75
07410	19.75
07450	19.75
07500	21.5
07510	21.5
07530	21.5
07550	21.5
07560	21.5
07565	21.5
07580	21.5
07590	21.5
07600	21.5
07680	21.5
07690	21.5
07700	19.75
07720	19.75
07740	19.75
07750	19.75
07780	19.75
07800	20.5
07810	20.5
07820	20.5
07830	20.5
07840	20.5
07850	20.5
07870	19.75
07880	19.75
07890	19.75
07900	19.75
07910	19.75
07920	19.75
07930	19.75
07940	19.75
07945	19.75
07955	19.75
07960	19.75
07970	19.75
07980	19.75
07990	19.75
08100	20.5
08150	20.5
08200	20.5
08350	20.5
08360	20.5
08450	20.5
08480	20.5
08500	20.5
08680	20.5
08700	20.5
08800	20.5
09120	20.5
09220	20.5
09430	20.5
09520	20.5
09630	20.5
09810	20.5
09930	20.5
10120	20.75
10140	20.75
10160	20.75
10210	20.75
10230	20.75
10250	20.75
10270	20.75
10300	22.0
10320	22.0
10330	22.0
10350	22.0
10360	22.0
10380	22.0
10410	22.0
10420	22.0
10440	22.0
10470	22.0
10480	22.0
10520	22.0
10570	22.0
10600	22.0
10620	22.0
10640	22.0
10650	22.0
10660	22.0
10680	22.0
10710	22.0
10820	21.75
10900	21.75
10940	21.75
10960	21.75
11100	20.5
11120	20.5
11130	20.5
11310	20.5
11710	20.5
11910	21.0
12100	21.5
12130	21.5
12170	21.5
12210	21.5
12240	21.5
12310	21.5
12350	21.5
12380	21.0
12400	21.0
12450	21.0
12520	21.5
12540	21.5
12600	21.5
12630	21.5
12640	21.5
12700	21.5
12750	21.5
12820	21.5
12920	21.5
12950	21.5
13100	20.75
13110	20.75
13130	20.75
13200	20.75
13210	20.75
13220	20.75
13250	20.75
13270	20.75
13300	20.75
13330	21.0
13430	20.75
13500	20.75
13530	20.75
13600	20.75
13700	20.5
13720	20.5
13800	20.5
13880	20.5
13900	20.5
14140	21.0
14200	21.0
14240	21.0
14300	20.75
14430	20.5
14450	20.75
14500	20.75
14530	20.5
14610	20.5
14620	20.5
14680	20.75
14690	20.75
14700	20.75
14770	20.75
14810	20.75
14820	20.75
14840	20.75
14870	20.75
14930	20.75
14960	21.5
14980	21.5
15100	20.75
15110	20.75
15140	20.75
15150	20.75
15160	20.75
15170	20.75
15200	20.75
15210	20.75
15230	20.75
15240	20.75
15270	21.0
15300	20.75
15320	20.75
15340	20.75
15460	20.75
15500	20.75
15520	20.75
15540	20.75
15550	20.75
15560	20.75
15580	20.75
15610	20.75
15680	20.75
15700	21.0
15800	20.75
15810	20.75
15820	21.0
15830	20.75
15840	20.75
15850	20.75
15860	21.0
15870	21.0
15880	21.0
15900	20.75
15950	20.75
15980	21.0
16100	20.75
16160	20.75
16200	20.75
16230	20.75
16260	20.75
16270	20.75
16280	20.75
16300	20.75
16310	20.75
16320	20.75
16330	20.75
16350	20.75
16390	20.75
16450	20.75
16500	21.0
16510	20.75
16540	22.0
16600	22.0
16610	22.0
16630	21.0
16670	22.0
16710	21.0
16730	21.0
16790	21.0
16800	21.0
16900	20.75
16960	20.75
16970	20.75
17110	21.0
17120	21.0
17130	20.75
17150	20.75
17200	20.75
17220	20.75
17240	20.75
17320	20.75
17410	20.75
17430	20.75
17440	20.75
17450	20.75
17470	21.0
17500	21.0
17510	21.0
17530	21.0
17610	21.0
17630	21.0
17710	21.0
17740	21.0
17780	20.75
17800	20.75
17840	20.75
17850	20.75
17870	20.75
17930	20.75
17950	20.75
17970	20.75
18100	20.5
18120	20.5
18130	20.5
18150	20.5
18200	20.5
18300	20.5
18600	20.5
19110	20.5
19120	20.5
19160	20.75
19210	20.5
19230	19.0
19250	20.5
19260	20.5
19310	19.0
19320	19.0
19370	19.0
19410	21.5
19420	21.5
19430	21.5
19460	21.5
19470	21.5
19480	21.5
19510	21.5
19540	21.5
19600	21.5
19610	21.5
19620	21.5
19630	21.5
19650	21.0
19670	21.0
19700	19.0
19730	19.0
19740	19.0
19770	19.0
19850	21.5
19910	18.5
19920	21.0
19950	18.5
20100	19.5
20200	19.5
20210	19.5
20240	19.5
20250	19.5
20300	19.5
20320	19.5
20360	19.5
20380	19.5
20400	19.5
20460	19.5
20500	19.5
20520	19.5
20540	19.5
20610	19.5
20660	19.75
20700	19.5
20720	19.5
20730	19.5
20740	19.5
20750	19.5
20760	19.75
20780	19.75
20800	19.5
20810	19.5
20880	19.5
20900	19.5
20960	19.5
21100	19.0
21110	19.0
21120	19.75
21130	19.0
21140	19.0
21150	19.0
21160	19.0
21180	19.0
21195	19.0
21200	19.75
21210	19.75
21220	19.75
21230	20.75
21240	20.75
21250	20.75
21260	19.75
21270	21.5
21280	19.75
21290	19.75
21310	19.75
21330	19.5
21340	19.5
21350	19.5
21360	19.5
21370	21.75
21380	21.75
21410	19.5
21420	19.5
21430	19.5
21450	19.5
21480	20.75
21490	20.75
21500	19.75
21510	20.75
21520	20.75
21530	20.75
21540	20.75
21555	20.75
21560	20.75
21570	21.5
21590	21.5
21600	19.75
21610	19.75
21620	19.75
21630	19.75
21650	19.75
21660	19.75
21670	19.75
21680	19.75
21710	19.75
21720	19.75
21740	19.75
21750	19.75
21760	19.75
21770	19.75
21800	21.25
21820	21.25
21840	21.25
21860	21.25
21870	21.25
21880	21.25
21890	21.25
21900	21.25
21930	21.25
22100	17.25
22120	16.5
22130	16.5
22140	16.5
22150	16.5
22160	16.75
22220	18.5
22240	17.25
22270	18.5
22310	18.5
22320	17.25
22330	18.5
22340	18.5
22410	18.5
22430	17.25
22520	19.5
22530	19.5
22550	19.0
22610	16.75
22630	19.5
22710	17.5
22720	18.0
22730	19.75
22810	18.5
22820	18.5
22830	18.5
22840	16.75
22910	16.75
22920	16.75
22930	16.75
22940	16.75
22950	16.75
23100	21.0
23120	21.0
23140	21.0
23200	22.25
23210	22.25
23260	22.25
23310	20.75
23360	18.5
23390	19.75
23450	20.75
23500	20.75
23600	20.75
23660	20.75
23800	20.75
23840	20.75
23880	20.75
23930	20.75
23950	21.75
23960	21.75
24100	20.75
24130	20.75
24240	20.75
24260	20.75
24280	20.75
24800	20.75
24910	20.75
25110	20.75
25130	20.75
25160	20.75
25170	20.75
25180	20.75
25190	20.75
25210	20.75
25230	20.75
25240	20.75
25250	20.75
25260	20.75
25320	20.75
25330	20.75
25340	20.75
25360	20.75
25370	20.75
25380	20.75
25390	20.75
25410	20.75
25420	20.75
25430	20.75
25460	20.75
25470	20.75
25500	20.75
25520	20.75
25540	20.75
25550	20.75
25560	20.75
25570	20.75
25610	20.75
25630	20.75
25640	20.75
25650	19.75
25660	20.75
25700	19.75
25710	19.75
25730	19.75
25760	19.75
25810	19.75
25820	19.75
25830	19.75
25840	19.75
25860	19.75
25870	19.75
25900	19.75
25910	19.75
25930	19.75
25940	19.75
25950	19.75
25960	19.75
26100	20.0
26200	20.0
26410	20.0
26510	20.0
26560	20.0
26660	20.0
26720	20.0
26740	20.0
26820	20.0
26840	20.0
26910	20.0
26930	20.0
26950	20.0
27100	18.0
27110	18.0
27130	18.0
27150	18.0
27160	18.0
27170	18.0
27220	20.0
27230	20.0
27250	20.0
27260	20.0
27310	20.0
27320	21.75
27340	21.75
27400	20.5
27420	20.5
27430	20.5
27450	20.5
27500	20.5
27510	20.5
27600	20.5
27640	20.5
27650	20.5
27670	20.5
27710	21.5
27730	21.5
27740	21.5
27750	21.5
27800	21.5
27820	21.5
27840	21.5
27860	21.5
27910	21.5
27920	21.5
28100	20.25
28120	20.25
28130	20.25
28190	20.25
28200	20.25
28220	20.25
28240	20.25
28260	21.0
28300	20.25
28330	20.25
28360	20.25
28370	20.25
28400	21.0
28430	20.25
28450	21.0
28500	20.25
28540	20.25
28560	20.25
28580	20.25
28600	20.25
28610	20.25
28660	20.25
28760	20.25
28800	20.25
28840	20.25
28880	20.25
28900	20.25
29100	18.0
29180	18.0
29200	21.5
29250	21.25
29270	21.25
29280	21.25
29310	21.0
29320	21.0
29340	21.0
29350	21.0
29570	20.25
29600	20.25
29630	21.5
29640	21.5
29680	20.25
29700	20.25
29720	20.25
29740	20.5
29750	20.5
29760	20.5
29790	20.5
29810	22.0
29830	22.0
29860	22.0
29880	22.0
29900	20.5
29940	20.5
30100	20.25
30300	20.5
30420	20.5
31110	20.5
31130	20.5
31140	22.0
31160	22.0
31170	20.5
31230	20.25
31250	20.25
31300	20.25
31310	20.25
31340	20.25
31350	20.25
31370	20.25
31380	20.25
31400	20.0
31410	20.0
31450	20.0
31460	20.0
31470	20.0
31490	20.0
31500	19.5
31520	20.0
31530	20.0
31600	21.25
31610	21.25
31620	21.25
31630	21.25
31640	22.0
31650	22.0
31700	22.0
31720	22.0
31730	22.0
31750	22.0
31760	22.0
31810	22.0
31830	22.0
31850	22.0
31860	22.0
31900	22.0
31930	22.0
31950	22.0
31960	21.0
31970	22.0
32100	21.5
32140	21.5
32200	21.0
32210	21.0
32250	21.0
32260	21.0
32270	21.0
32280	21.0
32300	21.0
32410	21.0
32430	21.0
32440	21.0
32450	21.0
32500	21.0
32520	21.0
32560	21.0
32610	21.0
32620	21.0
32700	21.0
32710	21.0
32730	20.75
32740	20.75
32760	21.0
32770	21.0
32800	21.75
32810	21.75
32830	21.75
32860	21.75
32910	21.75
32920	21.75
33100	19.75
33180	19.75
33200	19.75
33210	19.75
33230	19.75
33240	19.75
33250	19.75
33270	19.75
33300	19.75
33310	19.75
33330	19.75
33340	19.75
33380	20.5
33400	19.75
33410	19.75
33420	19.75
33430	20.5
33450	20.5
33470	20.5
33480	20.5
33500	19.75
33520	19.75
33530	19.75
33540	19.75
33560	19.75
33580	19.75
33610	19.75
33680	19.75
33700	19.75
33710	19.75
33720	19.75
33730	19.75
33800	19.75
33820	19.75
33840	19.75
33850	20.0
33870	20.5
33880	20.5
33900	19.75
33920	20.0
33950	20.0
33960	20.0
33980	20.0
34110	20.5
34130	20.5
34140	20.5
34150	20.5
34180	20.5
34240	19.75
34260	19.75
34270	19.75
34300	20.5
34320	20.5
34330	20.5
34410	22.0
34420	22.0
34430	22.0
34450	22.0
34510	20.5
34530	20.5
34550	20.5
34600	22.0
34640	22.0
34710	21.25
34730	21.25
34740	21.25
34770	21.25
34800	21.25
34870	22.0
34910	21.25
34930	21.25
34950	21.25
34970	21.25
34980	21.25
35100	22.0
35220	22.0
35240	22.0
35260	22.0
35270	22.0
35300	22.0
35320	22.0
35400	21.0
35420	22.0
35480	22.0
35500	21.0
35520	21.0
35530	21.0
35540	21.0
35550	21.0
35600	21.0
35610	21.0
35630	21.0
35700	22.0
35740	22.0
35750	22.0
35800	22.0
35820	21.0
35990	22.0
36100	21.0
36110	21.0
36120	21.0
36200	21.0
36220	21.0
36240	21.0
36270	21.0
36280	21.0
36340	21.0
36420	21.0
36430	21.0
36450	21.5
36520	21.0
36570	21.0
36600	21.5
36640	21.5
36660	21.5
36720	21.5
36760	21.5
36810	21.0
36840	21.0
36880	21.0
36910	21.5
36930	21.5
37100	20.5
37120	20.5
37130	20.5
37140	20.5
37150	20.5
37180	20.5
37200	20.5
37210	20.5
37240	20.5
37310	20.5
37350	21.5
37370	21.5
37380	21.5
37420	21.5
37470	21.5
37500	20.5
37530	20.5
37550	20.5
37560	20.5
37570	20.5
37600	20.25
37630	20.25
37700	20.25
37720	20.25
37740	20.25
37770	20.25
37800	22.25
37830	22.25
37850	20.25
37860	20.25
37900	22.25
37910	22.25
37960	22.25
38100	20.75
38120	20.75
38130	20.75
38140	20.75
38200	20.75
38210	20.75
38220	20.75
38250	20.75
38270	20.75
38280	20.75
38300	20.75
38360	20.75
38420	20.75
38460	20.75
38470	20.75
38490	22.0
38510	20.75
38600	20.25
38650	20.25
38670	20.25
38680	21.5
38700	21.5
38710	21.5
38720	21.5
38740	21.5
38750	21.5
38760	21.5
38770	21.5
38800	22.5
38840	21.5
38860	22.5
38910	21.5
38920	22.5
38950	22.5
38970	22.5
39100	22.0
39110	22.0
39130	22.0
39150	22.0
39160	20.5
39170	22.0
39180	22.0
39195	22.0
39200	22.0
39230	22.0
39290	22.0
39310	20.5
39340	20.5
39360	20.5
39380	22.0
39410	21.75
39430	21.75
39450	21.75
39500	21.75
39530	21.75
39580	21.75
39590	21.75
39610	21.75
39620	22.0
39660	22.0
39700	22.0
39750	22.0
39770	22.0
39780	22.0
39810	21.5
39820	21.5
39880	21.5
39920	20.5
39930	20.5
39940	20.5
39960	20.5
39965	20.5
39980	20.5
39990	20.5
40100	20.0
40200	20.0
40250	20.0
40270	20.0
40320	20.0
40340	20.0
40400	20.0
40420	20.0
40500	20.0
40520	20.0
40530	20.0
40600	20.0
40620	20.0
40630	20.0
40640	20.0
40660	20.0
40700	20.0
40720	20.0
40740	20.0
40800	20.0
40820	20.0
40900	20.0
40930	19.5
40950	19.5
41120	20.0
41140	20.0
41160	20.0
41180	21.5
41210	21.5
41220	21.5
41230	21.5
41240	21.5
41260	21.5
41270	21.5
41290	21.5
41310	21.5
41325	21.5
41330	21.5
41340	21.5
41350	21.5
41360	21.5
41370	21.5
41390	21.5
41400	21.5
41410	21.0
41440	21.0
41450	20.0
41490	22.0
41500	22.0
41520	22.0
41530	22.0
41540	22.0
41550	22.0
41560	22.0
41580	22.0
41630	20.0
41660	21.0
41710	20.0
41730	21.0
41750	21.0
41770	21.0
41800	20.0
41820	20.0
41840	20.0
41860	20.0
41870	20.0
41880	20.0
41900	21.75
41920	21.75
41925	21.75
41930	20.0
41940	20.0
41970	21.5
41980	21.75
42100	21.0
42140	21.0
42220	21.0
42300	21.0
42330	21.0
42440	21.0
42520	21.5
42560	21.5
42600	22.0
42660	22.0
42700	21.5
42720	21.5
42800	21.5
42820	21.5
42830	22.0
42840	22.0
42850	22.0
42870	21.25
42910	21.5
42930	21.5
43100	21.5
43130	21.5
43170	21.5
43220	21.5
43240	21.5
43250	21.5
43270	21.5
43300	21.0
43340	21.0
43390	21.5
43420	21.5
43430	22.0
43440	21.5
43480	21.5
43490	21.5
43500	21.5
43520	21.5
43540	21.5
43560	21.5
43610	21.5
43640	21.5
43660	21.5
43700	21.75
43720	21.75
43800	21.5
43840	21.5
43900	21.0
43940	21.0
43960	21.0
44100	21.5
44120	21.5
44150	21.5
44160	21.5
44170	21.5
44190	21.5
44200	21.5
44220	21.5
44250	21.5
44260	21.5
44280	21.5
44300	22.0
44320	22.0
44330	22.0
44350	22.0
44370	22.0
44400	21.5
44420	21.5
44440	21.5
44460	21.5
44480	21.0
44500	21.0
44530	21.0
44580	21.0
44590	21.0
44610	21.0
44630	21.0
44640	21.0
44670	21.0
44680	21.0
44730	21.0
44740	21.0
44760	21.0
44770	21.0
44790	21.0
44800	21.0
44860	21.0
44880	21.0
44910	21.0
44920	21.0
44950	21.0
44970	21.0
45100	20.75
45120	20.75
45130	20.75
45150	20.75
45160	20.75
45200	20.75
45330	20.75
45360	20.75
45370	20.75
45410	20.75
45460	20.75
45610	20.75
45700	20.75
45720	20.75
45740	20.75
45750	20.75
45810	20.75
45910	20.75
45940	20.75
46110	20.75
46140	20.75
46230	20.75
46400	20.75
46430	20.75
46450	20.75
46530	20.5
46570	20.75
46710	20.75
46730	20.75
46750	20.75
46800	20.75
46810	20.75
46860	20.75
46900	20.75
46910	20.75
46930	21.5
46950	20.75
46960	20.75
47110	20.75
47150	20.75
47200	20.75
47260	20.75
47310	20.75
47350	20.5
47400	20.75
47440	20.75
47450	20.75
47460	20.75
47490	20.75
47520	20.75
47540	20.75
47610	20.75
47650	20.75
47710	20.75
47760	20.75
47810	20.75
47830	20.75
47850	20.75
47900	20.75
47910	20.75
48100	21.5
48130	21.5
48200	21.5
48210	21.5
48220	21.5
48230	21.5
48300	21.5
48310	21.5
48350	21.5
48400	21.5
48410	21.5
48600	21.5
48700	21.5
48710	21.5
48720	21.5
48750	21.5
48770	21.5
48800	21.5
48810	21.5
48900	21.5
48910	21.5
48930	21.5
49200	20.25
49210	20.25
49220	20.25
49240	20.25
49270	20.25
49290	20.25
49300	21.5
49340	21.5
49400	21.0
49410	21.0
49420	21.0
49460	21.0
49480	21.0
49490	21.0
49510	21.0
49520	21.0
49540	21.0
49570	21.0
49610	21.0
49630	21.0
49640	21.0
49660	21.0
49700	20.5
49720	20.5
49730	20.5
49750	20.5
49760	20.5
49770	20.5
49780	21.0
49840	21.0
49860	20.5
49900	20.5
49930	20.5
49960	20.5
49980	20.5
50100	20.5
50120	20.5
50130	20.5
50150	20.5
50160	20.5
50170	20.5
50180	20.5
50190	20.5
50200	20.5
50300	20.5
50350	20.5
50500	20.5
50520	20.5
50600	20.5
50670	20.5
50700	20.5
50770	20.5
50800	20.5
50970	20.5
51130	20.5
51200	20.75
51260	20.75
51270	20.75
51310	20.75
51335	20.75
51340	20.75
51360	20.75
51380	20.75
51420	20.5
51430	20.75
51440	20.75
51450	20.5
51460	20.75
51520	20.5
51540	20.5
51600	20.5
51620	20.5
51670	20.5
51720	20.5
51740	20.5
51760	20.75
51780	20.75
51810	20.75
51820	20.75
51850	20.75
51860	20.75
51880	20.75
51890	20.75
51900	20.75
51930	20.75
51940	20.75
51980	20.75
52100	20.5
52110	20.5
52150	20.5
52200	20.0
52230	20.0
52270	20.0
52300	20.5
52320	20.5
52330	20.5
52340	20.5
52360	20.5
52420	20.5
52510	20.0
52520	20.0
52550	20.0
52610	20.0
52620	20.0
52700	19.75
52720	19.75
52730	19.75
52740	19.75
52760	19.75
52780	20.5
52830	20.5
52850	19.75
52890	19.75
52920	20.75
52960	19.75
52970	19.75
52980	20.5
53100	21.0
53130	21.0
53200	21.0
53300	21.0
53400	21.0
53420	21.0
53500	21.0
53550	21.0
53600	21.0
53650	21.0
53810	21.0
53830	21.0
53850	21.0
53900	21.0
53920	21.0
53950	21.0
54100	21.0
54110	21.0
54120	21.0
54190	21.0
54230	21.0
54250	21.0
54260	21.0
54270	21.0
54300	21.0
54310	21.0
54330	21.0
54390	21.0
54410	21.0
54430	21.0
54460	21.0
54490	20.5
54500	20.5
54510	20.5
54530	20.5
54550	20.5
54580	20.5
54590	20.5
54710	21.0
54720	21.0
54750	21.5
54770	21.5
54800	21.5
54820	21.0
54850	21.0
54915	21.0
54920	21.0
54930	21.0
54940	21.0
54950	21.5
54960	21.0
55100	20.0
55120	20.0
55300	21.0
55320	21.0
55330	21.0
55400	20.0
55420	20.0
55510	20.0
55610	20.0
55700	20.0
55800	20.0
55910	20.0
56100	20.5
56120	20.5
56140	20.5
56210	20.5
56310	20.5
56330	20.5
56350	21.0
56410	20.5
56440	20.5
56510	20.5
56550	20.25
56610	20.25
56640	20.25
56710	20.25
56730	20.25
56800	20.25
57100	22.25
57120	22.25
57130	22.25
57170	22.25
57200	22.25
57210	22.25
57220	22.25
57230	22.25
57310	22.25
57510	22.25
57600	22.25
57710	22.25
57810	22.25
58130	22.25
58140	22.25
58150	22.25
58160	21.0
58170	21.0
58175	21.0
58180	21.0
58200	22.25
58220	22.25
58260	22.25
58300	22.25
58320	22.25
58350	21.0
58360	22.25
58390	22.25
58410	22.25
58420	22.25
58430	22.25
58450	22.25
58500	22.25
58520	22.25
58550	22.25
58570	22.25
58580	22.25
58610	21.5
58620	21.5
58650	22.25
58680	22.25
58690	22.25
58700	21.5
58720	21.5
58770	22.25
58810	22.25
58830	21.5
58850	21.5
58900	21.5
58910	21.5
58920	21.5
58940	21.5
59100	19.5
59130	19.5
59210	19.5
59310	19.5
59320	19.5
59410	19.5
59510	19.5
59520	19.5
59530	19.5
59610	19.5
59710	19.5
59720	19.5
59730	19.5
59800	21.0
59810	21.0
59820	21.0
60100	21.0
60120	21.0
60150	21.0
60200	21.0
60220	21.0
60280	21.0
60320	21.0
60420	21.0
60450	20.75
60510	21.0
60550	21.0
60560	21.0
60640	21.0
60720	20.75
60760	20.75
60800	20.75
61100	21.0
61110	21.0
61120	21.0
61140	21.0
61150	21.25
61160	21.0
61170	21.25
61180	21.0
61220	21.0
61230	21.0
61250	21.0
61270	21.0
61280	21.0
61290	21.0
61300	21.0
61310	21.0
61330	20.75
61340	20.75
61350	20.75
61360	21.0
61370	21.0
61380	21.0
61400	21.0
61410	21.0
61430	21.0
61440	21.0
61450	21.0
61460	21.0
61470	21.0
61500	21.5
61520	21.5
61550	21.5
61560	21.5
61600	21.0
61630	21.0
61640	21.0
61650	21.0
61680	21.0
61710	21.0
61720	21.0
61730	21.0
61760	21.0
61800	22.0
61810	22.0
61820	22.0
61840	22.5
61850	22.0
61860	22.0
61880	22.0
61910	22.0
61920	22.0
61940	22.0
61950	22.0
61960	22.0
61980	22.0
62100	21.5
62130	21.5
62150	21.75
62160	21.5
62165	21.5
62170	21.5
62175	21.5
62185	21.5
62190	21.5
62200	21.75
62220	21.75
62230	21.75
62240	21.75
62260	21.75
62280	21.5
62290	21.5
62295	21.5
62300	21.75
62310	21.75
62340	21.75
62350	21.75
62370	21.75
62375	21.75
62380	21.75
62395	21.0
62410	21.75
62420	21.75
62430	21.75
62435	21.75
62440	21.75
62470	21.75
62500	21.5
62510	21.5
62520	21.5
62540	21.5
62570	21.5
62600	21.5
62610	21.5
62620	21.5
62630	21.5
62640	21.5
62660	21.5
62710	21.75
62720	21.75
62730	21.75
62740	21.75
62750	21.75
62760	21.75
62800	22.25
62810	22.25
62830	21.75
62840	22.25
62860	22.25
62870	22.25
62880	22.25
62900	21.75
62920	21.75
62940	21.75
62950	21.75
62990	21.75
63100	21.0
63120	21.0
63130	21.0
63150	21.0
63160	21.0
63210	21.25
63230	21.0
63250	21.0
63300	21.25
63320	21.25
63330	21.25
63340	21.25
63350	21.25
63355	21.25
63360	21.25
63370	21.25
63400	21.25
63410	21.25
63430	21.25
63450	21.0
63500	21.75
63510	21.75
63530	21.75
63540	21.75
63600	21.25
63610	21.25
63640	21.25
63660	22.0
63680	21.25
63700	22.0
63770	22.0
63780	22.0
63800	21.75
63830	21.75
63880	21.75
63890	21.75
63900	22.0
63910	22.0
63920	22.0
63950	22.0
64100	21.5
64140	21.5
64200	21.0
64210	21.0
64220	21.0
64230	21.0
64240	21.0
64250	21.0
64260	21.0
64300	21.5
64320	21.5
64350	22.0
64370	22.0
64440	21.5
64450	21.5
64460	21.5
64480	21.5
64490	21.5
64510	21.0
64530	21.0
64550	21.0
64610	21.0
64700	22.5
64720	22.5
64740	22.5
64760	22.5
64770	22.5
64810	22.0
64820	22.0
64830	22.0
64840	22.0
64850	22.0
64900	22.0
64930	22.0
65100	20.5
65130	20.5
65170	20.5
65200	20.5
65230	20.5
65280	20.5
65300	20.5
65320	20.5
65350	20.5
65370	20.5
65380	20.5
65410	20.5
65450	20.75
65460	20.75
65470	20.75
65480	20.75
65520	20.75
65610	20.75
65630	20.75
65650	20.75
65710	20.75
65730	20.75
65760	20.75
65800	20.75
65870	20.75
65920	20.75
65930	20.75
65970	20.75
66100	21.5
66140	21.5
66160	21.5
66200	21.5
66210	21.5
66220	21.5
66230	21.5
66240	21.5
66260	21.5
66270	21.0
66280	21.5
66290	21.5
66295	21.0
66300	21.0
66320	21.0
66330	21.0
66340	21.0
66350	21.0
66360	21.0
66370	21.0
66400	21.75
66420	21.75
66430	20.5
66440	21.5
66450	21.75
66460	21.75
66470	21.75
66500	20.5
66510	20.5
66520	20.75
66530	20.75
66540	20.75
66550	20.75
66560	20.75
66580	20.75
66590	20.75
66600	21.0
66640	21.0
66660	21.0
66680	21.0
66710	21.0
66730	21.0
66800	21.0
66810	21.0
66820	21.0
66830	21.0
66840	21.25
66850	21.25
66900	21.25
66910	21.25
66930	21.25
66950	21.25
66970	21.25
66980	21.25
66999	20.75
67100	21.75
67200	21.75
67300	21.75
67400	21.75
67410	21.75
67500	21.75
67600	21.75
67700	21.75
67800	21.75
67900	21.75
68100	21.0
68150	21.0
68210	21.75
68220	21.75
68230	21.75
68240	21.75
68300	21.75
68320	21.75
68370	21.75
68380	21.75
68390	21.75
68410	22.0
68500	22.0
68530	20.5
68550	21.75
68555	19.5
68560	19.5
68570	19.5
68580	19.5
68600	21.25
68620	21.25
68630	21.25
68660	21.25
68690	20.5
68700	22.0
68750	22.0
68800	20.5
68810	20.5
68820	20.5
68830	20.5
68840	20.5
68870	20.5
68910	20.5
68920	20.5
68930	20.5
68940	20.5
68970	20.5
68999	21.75
69100	21.5
69150	21.5
69170	21.5
69300	21.75
69310	21.75
69330	21.75
69340	21.75
69410	21.75
69420	21.0
69440	21.0
69450	21.0
69510	22.0
69550	22.0
69570	22.0
69600	21.5
69660	21.5
69700	22.0
69730	22.0
69750	22.0
69820	22.0
69830	22.0
69850	22.0
69910	21.5
69920	21.5
69950	21.5
69970	21.5
69980	21.5
70100	20.5
70110	20.5
70150	20.5
70200	20.5
70210	20.5
70240	20.5
70260	20.5
70280	20.5
70300	20.5
70340	20.5
70400	20.5
70420	20.5
70460	20.5
70500	20.5
70600	20.5
70620	20.5
70700	20.5
70780	20.5
70800	20.5
70820	20.5
70840	20.5
70870	20.5
70900	21.25
70910	21.25
70940	20.5
71130	20.5
71150	20.5
71160	20.5
71170	22.0
71200	22.0
71210	22.0
71240	22.0
71260	22.0
71280	22.0
71310	20.5
71330	20.5
71360	20.5
71380	20.5
71460	21.0
71470	21.0
71480	20.5
71490	20.5
71520	20.5
71570	20.5
71610	20.5
71640	20.75
71650	20.5
71660	20.5
71670	20.5
71680	20.5
71690	20.5
71720	20.5
71730	20.5
71740	20.5
71745	20.5
71750	20.5
71760	20.5
71775	20.5
71800	21.25
71820	21.25
71840	21.25
71850	21.25
71870	21.25
71890	21.25
71910	21.25
71920	21.25
71950	20.5
71960	21.25
72100	20.5
72140	20.5
72210	20.75
72220	20.75
72300	21.5
72310	21.5
72330	21.5
72350	21.5
72360	21.5
72380	21.5
72400	21.75
72430	21.75
72490	20.5
72510	21.75
72530	21.75
72550	21.75
72570	21.75
72600	20.5
72630	20.5
72710	21.75
72740	21.75
72810	21.75
72840	21.75
72930	20.5
72950	20.5
72980	20.5
73100	21.25
73110	21.25
73120	21.25
73200	21.25
73230	21.25
73250	21.25
73300	20.5
73310	20.5
73320	20.5
73350	20.5
73360	20.5
73410	20.5
73460	20.5
73470	20.5
73500	20.5
73600	22.0
73620	22.0
73640	22.0
73645	22.0
73670	22.0
73710	20.5
73730	20.5
73770	20.5
73810	20.5
73830	20.5
73850	22.0
73860	22.0
73900	22.0
73970	22.0
73990	22.0
74100	20.5
74120	20.5
74130	20.5
74140	20.5
74150	20.5
74160	20.5
74170	20.5
74200	21.0
74230	21.0
74240	21.0
74250	21.0
74270	21.0
74300	20.5
74340	20.5
74345	20.5
74360	20.5
74380	20.5
74390	21.25
74420	20.5
74470	21.25
74490	20.5
74510	20.5
74520	20.5
74540	20.5
74550	20.5
74590	21.0
74595	20.5
74610	20.75
74630	20.75
74640	20.75
74670	20.75
74680	20.75
74700	20.75
74720	20.75
74740	20.75
74770	20.75
74840	20.75
74940	20.75
74980	20.75
75500	20.5
75530	20.5
75650	20.5
75680	22.0
75700	21.0
75710	21.0
75740	21.0
75770	21.0
75790	21.0
75840	21.0
75890	20.5
75930	20.5
75940	20.5
75970	20.5
75990	20.5
76100	22.0
76120	22.0
76130	22.0
76150	22.0
76280	22.0
76620	22.0
76780	22.0
76850	22.0
76940	22.0
77110	22.0
77120	22.0
77140	22.0
77220	22.0
77240	22.0
77320	22.0
77330	22.0
77350	22.0
77380	20.5
77430	22.0
77460	21.25
77480	21.25
77520	22.0
77570	22.0
77580	22.0
77600	21.75
77630	21.75
77690	21.75
77700	22.0
77770	22.0
77800	21.75
77910	22.0
77930	22.0
77960	22.0
78200	21.0
78210	21.0
78250	21.0
78300	21.0
78310	21.0
78400	21.0
78480	21.0
78500	21.0
78610	21.0
78710	21.0
78850	21.25
78870	21.0
78880	21.25
78900	21.0
79100	21.0
79130	21.0
79140	21.0
79150	21.0
79160	21.0
79180	21.0
79190	21.0
79230	21.0
79255	21.0
79265	21.0
79330	21.0
79350	21.0
79410	21.0
79480	21.0
79520	21.0
79600	21.25
79620	21.25
79630	21.25
79660	21.25
79680	21.25
79690	21.25
79700	21.0
79810	21.0
79820	21.0
79830	21.0
79850	21.0
79860	21.0
79885	21.0
79895	21.0
79910	21.0
79940	21.0
80100	20.5
80110	20.5
80130	20.5
80140	20.5
80160	20.5
80170	20.5
80200	20.5
80210	20.5
80220	20.5
80230	20.5
80260	20.5
80330	20.5
80400	21.5
80510	20.5
80710	20.5
80770	20.5
80780	20.5
80790	20.5
80850	20.5
80910	20.5
81100	20.5
81120	20.5
81160	20.5
81200	20.5
81210	20.5
81220	20.5
81230	20.5
81235	20.5
81260	20.5
81270	20.5
81280	20.5
81290	20.5
81295	20.5
81320	20.5
81330	20.5
81350	21.0
81360	20.5
81390	20.5
81420	21.0
81430	21.0
81450	21.0
81460	21.0
81470	21.0
81560	21.0
81570	21.0
81590	21.0
81650	21.0
81660	21.0
81700	21.0
81720	21.0
81750	21.0
81810	21.0
81820	21.0
81850	21.0
81860	21.0
81950	21.0
81970	21.0
82110	20.5
82120	20.5
82140	20.5
82160	20.5
82170	20.5
82180	20.5
82200	20.5
82210	20.5
82220	20.5
82290	21.5
82300	21.5
82310	21.5
82335	21.5
82350	21.75
82360	21.75
82380	21.0
82395	21.0
82430	21.0
82460	21.0
82490	21.0
82500	21.0
82510	21.0
82580	21.0
82590	21.0
82600	21.75
82655	21.75
82660	21.75
82670	21.75
82675	21.75
82685	21.75
82710	20.5
82730	20.5
82750	20.5
82760	20.5
82770	21.75
82815	20.5
82820	21.0
82830	21.0
82840	20.5
82850	20.5
82865	20.5
82870	20.5
82880	20.5
82900	21.0
82915	21.0
82960	21.0
82967	21.0
82980	21.0
83100	21.5
83130	21.5
83140	21.5
83150	21.5
83160	21.5
83320	21.5
83330	21.5
83340	21.5
83400	21.5
83430	21.5
83450	21.5
83460	21.5
83480	21.5
83500	21.75
83550	21.75
83630	21.75
83660	21.75
83700	20.25
83720	20.25
83750	20.25
83760	20.25
83780	20.25
83825	20.25
83830	20.25
83835	20.25
83840	20.25
83855	20.25
83870	20.75
83880	20.75
83900	20.75
83910	20.75
83915	20.75
83940	20.75
83950	20.75
83960	21.0
83985	20.75
84100	22.0
84460	22.0
84540	22.0
84650	22.0
84770	22.0
84880	22.0
85100	21.0
85120	21.0
85140	21.0
85150	21.0
85160	21.0
85180	21.0
85200	22.0
85210	22.0
85230	22.0
85310	21.75
85320	21.75
85340	21.75
85410	21.75
85430	21.75
85450	21.75
85470	21.75
85500	22.0
85540	22.0
85560	22.0
85580	22.0
85620	22.0
85630	22.0
85640	22.0
85660	22.0
85710	22.5
85730	22.5
85800	22.5
85820	22.5
85840	22.5
85900	22.5
85930	22.5
85940	22.5
85980	22.5
86100	20.75
86110	20.75
86160	20.75
86170	20.75
86210	22.0
86220	22.0
86230	22.0
86240	22.0
86300	22.0
86350	22.0
86360	21.0
86400	21.0
86440	21.0
86460	21.0
86470	21.0
86480	22.0
86510	22.0
86530	22.0
86550	22.0
86600	22.0
86650	22.0
86680	22.0
86690	22.0
86710	21.5
86790	21.5
86800	20.75
86810	20.75
86850	20.75
86870	20.75
86900	20.75
86980	20.75
87100	21.0
87150	21.0
87200	21.0
87250	21.0
87300	21.0
87400	21.0
87500	21.0
87700	21.0
87800	21.0
87830	21.0
87850	21.0
87900	21.0
87910	21.0
87930	21.0
87950	21.0
87970	21.0
88120	21.25
88200	21.0
88270	21.0
88300	22.0
88310	22.0
88340	21.5
88350	22.0
88380	22.0
88400	21.5
88440	21.5
88460	21.5
88470	22.0
88490	21.25
88530	21.25
88600	21.25
88610	21.25
88615	21.25
88620	21.25
88640	21.25
88670	21.25
88690	21.25
88730	21.5
88740	21.5
88760	21.5
88820	21.5
88900	21.5
88930	21.5
88940	21.5
89110	21.5
89140	21.5
89200	21.5
89210	21.5
89320	21.5
89330	21.5
89400	21.75
89430	21.75
89440	21.5
89540	21.75
89560	21.75
89600	21.5
89610	21.5
89640	21.5
89660	21.5
89670	21.5
89680	21.5
89730	21.5
89740	21.5
89760	21.5
89770	21.5
89780	21.5
89800	21.5
89830	21.5
89840	21.5
89920	21.5
90100	20.0
90120	20.0
90130	20.0
90140	20.0
90150	20.0
90220	20.0
90230	20.0
90240	20.0
90250	20.0
90310	20.0
90400	20.0
90410	20.0
90440	20.5
90450	20.5
90460	20.0
90470	20.0
90480	20.5
90500	20.0
90510	20.0
90520	20.0
90530	20.0
90540	20.0
90550	20.0
90560	20.0
90570	20.0
90580	20.0
90590	20.0
90620	20.0
90630	20.0
90650	20.0
90660	20.0
90670	20.0
90800	20.0
90810	20.0
90820	20.0
90830	20.0
90840	20.0
90850	20.0
90860	20.0
90900	20.0
90910	20.0
90940	20.0
91100	21.25
91110	21.25
91140	21.25
91150	21.25
91200	20.0
91210	21.25
91240	20.0
91260	20.0
91300	20.0
91310	20.0
91410	21.5
91430	21.5
91500	21.5
91510	21.5
91560	21.5
91600	20.5
91620	20.5
91630	20.5
91640	20.5
91660	20.5
91670	20.5
91700	21.5
91710	21.5
91720	21.5
91730	21.5
91740	21.5
91750	21.5
91760	21.5
91780	21.5
91790	21.5
91800	22.0
91900	21.5
91910	21.5
91930	21.5
91950	21.5
91980	21.0
92100	21.0
92120	21.0
92130	21.0
92140	21.0
92150	21.0
92160	21.0
92180	21.0
92210	21.0
92220	21.0
92230	21.0
92240	21.0
92260	21.0
92320	22.0
92330	22.0
92350	22.0
92400	22.0
92430	22.0
92440	22.0
92450	22.0
92470	22.0
92500	22.0
92520	22.0
92530	22.0
92600	22.0
92610	22.0
92620	22.0
92640	22.0
92650	22.0
92700	22.0
92810	21.5
92830	21.5
92910	19.75
92920	19.75
92930	19.75
93100	20.5
93140	20.5
93160	20.5
93170	20.5
93180	20.5
93187	20.5
93190	20.5
93195	20.5
93220	20.5
93225	20.5
93240	20.5
93250	20.5
93270	20.5
93277	20.5
93280	20.5
93290	20.5
93350	20.5
93390	20.5
93400	20.5
93420	20.5
93440	20.5
93470	20.5
93540	20.5
93590	20.5
93600	20.0
93700	20.0
93800	20.0
93830	20.0
93900	20.0
93999	20.0
94100	21.75
94200	21.75
94300	21.75
94400	21.25
94430	21.0
94450	21.25
94460	21.0
94500	21.25
94600	21.75
94700	21.75
94720	21.75
94800	21.75
94830	21.75
94900	21.75
95100	21.25
95110	21.25
95130	21.25
95160	21.25
95200	22.0
95210	22.0
95220	22.0
95225	22.0
95230	22.0
95255	22.0
95260	22.0
95270	22.0
95300	19.5
95310	21.25
95315	21.25
95325	19.5
95330	19.5
95340	19.5
95350	19.5
95355	19.5
95365	21.25
95370	21.25
95375	19.5
95400	21.0
95410	21.0
95420	21.0
95430	21.0
95440	21.0
95450	21.0
95460	21.0
95470	21.0
95490	21.0
95500	21.0
95520	21.0
95530	21.0
95540	21.0
95560	21.0
95590	21.0
95600	20.0
95610	20.0
95615	20.0
95620	20.0
95630	20.0
95635	20.0
95640	21.25
95645	21.25
95655	20.0
95660	20.0
95670	20.0
95675	20.0
95680	20.0
95690	20.0
95700	21.25
95710	21.25
95720	21.25
95750	21.25
95760	21.25
95770	21.25
95780	21.25
95790	21.25
95800	20.0
95830	20.0
95840	20.0
95850	20.0
95860	20.0
95900	20.0
95920	20.0
95930	20.0
95940	21.5
95950	21.5
95970	21.5
95980	20.0
95990	20.0
96100	21.0
96190	21.0
96200	21.0
96300	21.0
96320	21.0
96400	21.0
96440	21.0
96460	21.0
96500	21.0
96600	21.0
96700	21.0
96800	21.0
96900	21.0
96910	21.0
96930	21.0
96960	21.0
97110	21.0
97130	21.0
97140	21.0
97145	21.0
97160	21.0
97170	21.0
97220	21.0
97240	21.0
97250	20.0
97280	21.0
97290	21.0
97310	21.0
97320	21.0
97330	21.25
97335	21.25
97340	21.0
97370	20.0
97380	20.0
97390	20.0
97420	20.25
97430	20.0
97470	20.25
97510	21.0
97520	21.0
97530	21.0
97540	21.0
97580	21.0
97590	21.5
97610	21.0
97615	21.0
97620	21.0
97625	21.0
97630	21.0
97635	21.0
97645	21.5
97650	21.0
97655	21.0
97665	19.75
97670	21.0
97675	21.0
97680	21.0
97685	21.0
97690	21.0
97700	19.75
97715	19.75
97720	19.75
97760	19.75
97765	19.75
97770	19.75
97780	19.75
97785	19.75
97810	21.75
97815	21.75
97820	21.75
97840	21.75
97850	21.75
97870	21.75
97880	21.75
97890	21.75
97895	21.75
97900	21.75
97920	21.75
97925	21.75
97940	21.75
97950	21.75
97960	21.75
97965	21.75
97970	21.75
97980	21.75
97999	20.25
98100	21.5
98120	21.5
98230	21.5
98310	21.5
98350	21.5
98360	21.5
98400	21.5
98420	21.5
98440	21.5
98450	21.5
98500	22.25
98510	22.25
98530	22.25
98550	22.25
98560	22.25
98570	22.25
98580	22.25
98600	20.5
98620	20.5
98630	22.25
98660	20.5
98710	21.5
98720	21.5
98760	20.5
98770	20.5
98780	21.75
98790	20.5
98800	21.75
98810	21.75
98820	21.75
98830	21.75
98840	21.75
98850	21.75
98900	20.5
98920	20.5
98930	20.5
98950	20.5
98960	20.5
98970	20.5
98980	20.5
98995	20.5
99100	20.25
99110	20.25
99120	20.25
99130	20.25
99135	20.25
99140	20.25
99150	20.25
99160	20.25
99170	20.25
99180	20.25
99190	20.25
99195	20.25
99230	20.25
99240	20.25
99250	20.25
99270	20.25
99280	20.25
99290	20.25
99300	21.5
99310	21.5
99320	21.5
99330	21.5
99340	20.25
99360	21.5
99400	21.25
99410	21.25
99420	21.25
99430	21.25
99440	21.25
99450	21.25
99460	21.25
99470	21.25
99490	21.25
99510	20.0
99520	20.0
99530	20.0
99540	20.0
99550	20.0
99555	20.0
99560	20.0
99600	20.0
99610	20.0
99620	20.0
99640	21.75
99645	20.0
99650	20.0
99655	20.0
99660	20.0
99665	20.0
99670	20.0
99690	20.0
99695	20.0
99710	20.0
99720	20.0
99740	20.0
99750	20.0
99760	20.0
99770	20.0
99800	19.0
99830	19.0
99860	19.0
99870	19.0
99885	19.0
99910	19.0
99930	19.0
99940	19.0
99950	21.0
99980	21.0
99990	21.0
