	Bus stops
00100	168
00120	27
00130	22
00140	25
00150	38
00160	24
00170	33
00180	54
00190	2
00200	39
00210	19
00220	28
00230	4
00240	38
00250	62
00260	27
00270	30
00280	12
00290	7
00300	17
00310	9
00320	40
00330	30
00340	10
00350	35
00360	5
00370	30
00380	19
00390	42
00400	42
00410	29
00420	39
00430	38
00440	19
00500	29
00510	54
00520	54
00530	65
00540	13
00550	37
00560	53
00570	29
00580	17
00590	14
00600	19
00610	41
00620	26
00630	32
00640	33
00650	14
00660	24
00670	27
00680	11
00690	16
00700	97
00710	47
00720	24
00730	43
00740	37
00750	40
00760	28
00770	33
00780	28
00790	40
00800	27
00810	50
00820	21
00830	7
00840	36
00850	11
00860	7
00870	23
00880	35
00890	43
00900	24
00910	19
00920	45
00930	39
00940	90
00950	36
00960	17
00970	38
00980	75
00990	23
01120	32
01150	81
01180	13
01190	36
01200	75
01230	24
01260	73
01280	36
01300	102
01340	4
01350	33
01360	62
01370	23
01380	45
01390	58
01400	52
01420	25
01450	119
01480	35
01490	57
01510	106
01520	20
01530	89
01600	59
01610	35
01620	65
01630	18
01640	26
01650	27
01660	18
01670	27
01680	14
01690	24
01700	44
01710	14
01720	36
01730	61
01740	42
01750	49
01760	64
01770	2
01800	78
01810	24
01820	13
01830	48
01840	23
01860	67
01900	115
01940	28
02100	53
02110	13
02120	10
02130	30
02140	33
02150	29
02160	28
02170	29
02180	25
02200	55
02210	33
02230	58
02240	17
02250	12
02260	21
02270	37
02280	19
02290	1
02300	18
02320	44
02330	57
02340	22
02360	52
02380	19
02390	11
02400	104
02410	5
02420	43
02430	25
02440	9
02450	9
02460	10
02470	11
02480	100
02490	9
02510	25
02520	32
02540	29
02550	39
02570	42
02580	35
02590	12
02600	59
02610	26
02620	33
02630	27
02650	50
02660	32
02680	21
02700	27
02710	26
02720	10
02730	31
02740	52
02750	19
02760	40
02770	63
02780	98
02810	18
02820	63
02860	33
02880	59
02920	74
02940	77
02970	67
02980	31
03100	90
03150	20
03220	20
03250	39
03300	50
03320	4
03400	73
03430	7
03600	55
03620	22
03710	18
03790	26
03810	17
03850	39
03870	6
04130	129
04150	14
04170	40
04200	58
04220	30
04230	25
04240	26
04250	26
04260	34
04300	103
04310	39
04320	35
04330	10
04340	17
04350	21
04360	50
04370	36
04380	27
04390	18
04400	53
04410	65
04420	24
04430	34
04440	25
04460	21
04480	50
04500	38
04530	39
04600	58
04620	10
04630	66
04660	42
04680	28
04740	34
04770	14
04820	16
04840	21
04920	10
04940	24
05100	41
05200	65
05250	12
05400	44
05430	21
05440	6
05450	48
05460	21
05470	10
05510	15
05620	43
05720	3
05800	37
05810	29
05820	51
05830	28
05840	26
05850	1
05860	12
05880	16
05900	18
05950	29
06100	101
06150	57
06200	116
06400	55
06450	20
06500	78
06530	29
06650	17
06750	44
06830	43
06850	19
06880	28
06950	40
07110	34
07130	15
07150	29
07170	27
07190	32
07220	17
07230	38
07280	37
07310	14
07320	19
07350	7
07360	6
07370	10
07390	6
07410	17
07450	23
07500	17
07510	33
07530	21
07550	7
07560	32
07565	11
07580	16
07590	25
07600	54
07680	22
07690	4
07700	22
07720	10
07740	37
07750	26
07780	2
07800	16
07810	16
07820	26
07830	9
07840	5
07850	3
07870	20
07880	42
07890	2
07900	83
07910	17
07920	12
07930	22
07940	18
07945	27
07955	20
07960	14
07970	12
07980	19
07990	12
08100	43
08150	19
08200	12
08350	16
08360	0
08450	13
08480	15
08500	89
08680	26
08700	65
08800	49
09120	42
09220	56
09430	40
09520	8
09630	17
09810	42
09930	6
10120	30
10140	3
10160	21
10210	38
10230	27
10250	7
10270	0
10300	71
10320	7
10330	12
10350	2
10360	59
10380	2
10410	6
10420	27
10440	5
10470	4
10480	11
10520	57
10570	14
10600	43
10620	25
10640	12
10650	11
10660	20
10680	6
10710	8
10820	18
10900	36
10940	4
10960	16
11100	59
11120	107
11130	84
11310	19
11710	56
11910	43
12100	50
12130	18
12170	17
12210	23
12240	28
12310	36
12350	19
12380	32
12400	66
12450	14
12520	19
12540	31
12600	54
12630	15
12640	9
12700	22
12750	27
12820	1
12920	28
12950	13
13100	66
13110	1
13130	67
13200	14
13210	57
13220	15
13250	18
13270	29
13300	33
13330	11
13430	37
13500	114
13530	2
13600	39
13700	26
13720	46
13800	20
13880	24
13900	13
14140	2
14200	93
14240	41
14300	86
14430	2
14450	5
14500	59
14530	7
14610	23
14620	17
14680	57
14690	2
14700	89
14770	31
14810	15
14820	32
14840	29
14870	18
14930	13
14960	9
14980	2
15100	47
15110	21
15140	51
15150	33
15160	27
15170	33
15200	27
15210	44
15230	47
15240	65
15270	20
15300	53
15320	22
15340	25
15460	10
15500	11
15520	19
15540	57
15550	46
15560	75
15580	15
15610	73
15680	55
15700	88
15800	38
15810	22
15820	21
15830	22
15840	11
15850	15
15860	52
15870	27
15880	83
15900	15
15950	35
15980	11
16100	42
16160	5
16200	67
16230	31
16260	9
16270	13
16280	43
16300	134
16310	14
16320	28
16330	30
16350	23
16390	18
16450	41
16500	27
16510	53
16540	16
16600	31
16610	12
16630	29
16670	18
16710	32
16730	40
16790	4
16800	52
16900	137
16960	17
16970	11
17110	30
17120	28
17130	34
17150	22
17200	65
17220	13
17240	11
17320	15
17410	22
17430	14
17440	7
17450	13
17470	26
17500	56
17510	22
17530	32
17610	31
17630	7
17710	11
17740	7
17780	13
17800	48
17840	16
17850	0
17870	0
17930	0
17950	0
17970	0
18100	54
18120	6
18130	14
18150	15
18200	22
18300	63
18600	29
19110	30
19120	5
19160	21
19210	26
19230	16
19250	0
19260	8
19310	11
19320	18
19370	33
19410	22
19420	13
19430	18
19460	11
19470	11
19480	5
19510	0
19540	11
19600	41
19610	17
19620	10
19630	3
19650	94
19670	18
19700	70
19730	5
19740	2
19770	14
19850	0
19910	31
19920	15
19950	21
20100	162
20200	43
20210	37
20240	59
20250	21
20300	60
20320	107
20360	79
20380	86
20400	49
20460	52
20500	23
20520	43
20540	108
20610	27
20660	73
20700	31
20720	43
20730	4
20740	61
20750	45
20760	28
20780	88
20800	2
20810	88
20880	30
20900	148
20960	114
21100	62
21110	49
21120	18
21130	35
21140	34
21150	21
21160	39
21180	17
21195	6
21200	57
21210	26
21220	22
21230	38
21240	35
21250	61
21260	23
21270	38
21280	16
21290	49
21310	24
21330	62
21340	25
21350	22
21360	48
21370	7
21380	29
21410	15
21420	87
21430	32
21450	55
21480	30
21490	22
21500	98
21510	25
21520	0
21530	78
21540	11
21555	9
21560	23
21570	28
21590	12
21600	78
21610	14
21620	30
21630	4
21650	19
21660	19
21670	16
21680	0
21710	39
21720	5
21740	0
21750	2
21760	13
21770	3
21800	32
21820	18
21840	7
21860	13
21870	26
21880	13
21890	9
21900	42
21930	20
22100	68
22120	16
22130	12
22140	11
22150	29
22160	14
22220	15
22240	27
22270	26
22310	20
22320	19
22330	19
22340	9
22410	31
22430	10
22520	12
22530	10
22550	16
22610	33
22630	14
22710	4
22720	0
22730	1
22810	0
22820	1
22830	0
22840	0
22910	0
22920	0
22930	0
22940	1
22950	0
23100	106
23120	31
23140	21
23200	36
23210	15
23260	7
23310	47
23360	31
23390	0
23450	41
23500	95
23600	29
23660	5
23800	91
23840	6
23880	2
23930	13
23950	31
23960	14
24100	60
24130	68
24240	32
24260	49
24280	49
24800	77
24910	18
25110	24
25130	61
25160	6
25170	10
25180	10
25190	22
25210	16
25230	46
25240	35
25250	7
25260	40
25320	7
25330	19
25340	13
25360	21
25370	29
25380	15
25390	24
25410	34
25420	14
25430	0
25460	32
25470	33
25500	64
25520	21
25540	10
25550	14
25560	14
25570	25
25610	34
25630	20
25640	11
25650	23
25660	7
25700	83
25710	12
25730	1
25760	29
25810	1
25820	1
25830	9
25840	6
25860	10
25870	18
25900	36
25910	0
25930	12
25940	1
25950	5
25960	0
26100	71
26200	38
26410	19
26510	38
26560	25
26660	24
26720	4
26740	22
26820	12
26840	10
26910	19
26930	10
26950	12
27100	37
27110	21
27130	16
27150	22
27160	6
27170	4
27220	21
27230	33
27250	4
27260	4
27310	15
27320	16
27340	18
27400	42
27420	7
27430	29
27450	8
27500	33
27510	49
27600	20
27640	13
27650	14
27670	8
27710	26
27730	2
27740	3
27750	3
27800	52
27820	22
27840	4
27860	13
27910	5
27920	9
28100	83
28120	35
28130	71
28190	66
28200	56
28220	77
28240	14
28260	19
28300	13
28330	29
28360	29
28370	11
28400	53
28430	18
28450	51
28500	20
28540	20
28560	30
28580	20
28600	80
28610	43
28660	57
28760	44
28800	51
28840	22
28880	15
28900	41
29100	53
29180	12
29200	46
29250	43
29270	0
29280	0
29310	34
29320	10
29340	52
29350	17
29570	26
29600	85
29630	26
29640	15
29680	16
29700	41
29720	14
29740	6
29750	2
29760	2
29790	28
29810	32
29830	18
29860	2
29880	3
29900	57
29940	27
30100	123
30300	16
30420	28
31110	18
31130	18
31140	23
31160	9
31170	19
31230	5
31250	3
31300	51
31310	2
31340	26
31350	11
31370	0
31380	9
31400	72
31410	31
31450	9
31460	14
31470	28
31490	3
31500	39
31520	19
31530	14
31600	35
31610	22
31620	10
31630	19
31640	39
31650	7
31700	37
31720	18
31730	4
31750	1
31760	31
31810	8
31830	5
31850	11
31860	16
31900	53
31930	8
31950	14
31960	6
31970	16
32100	34
32140	10
32200	77
32210	43
32250	2
32260	3
32270	21
32280	8
32300	28
32410	11
32430	2
32440	35
32450	6
32500	21
32520	3
32560	18
32610	44
32620	16
32700	84
32710	11
32730	26
32740	24
32760	18
32770	10
32800	48
32810	28
32830	4
32860	1
32910	15
32920	13
33100	107
33180	10
33200	19
33210	22
33230	36
33240	7
33250	15
33270	39
33300	37
33310	36
33330	32
33340	26
33380	6
33400	74
33410	11
33420	28
33430	18
33450	19
33470	62
33480	51
33500	34
33520	20
33530	12
33540	26
33560	57
33580	83
33610	15
33680	74
33700	18
33710	62
33720	80
33730	26
33800	47
33820	60
33840	27
33850	11
33870	14
33880	25
33900	53
33920	9
33950	26
33960	51
33980	42
34110	42
34130	19
34140	23
34150	27
34180	2
34240	45
34260	28
34270	21
34300	74
34320	13
34330	18
34410	29
34420	2
34430	19
34450	32
34510	19
34530	14
34550	2
34600	64
34640	31
34710	29
34730	3
34740	24
34770	43
34800	104
34870	21
34910	0
34930	19
34950	13
34970	19
34980	39
35100	39
35220	20
35240	7
35260	0
35270	4
35300	72
35320	27
35400	43
35420	10
35480	0
35500	34
35520	9
35530	10
35540	11
35550	12
35600	46
35610	0
35630	19
35700	71
35740	9
35750	17
35800	11
35820	76
35990	18
36100	14
36110	37
36120	33
36200	146
36220	20
36240	21
36270	55
36280	1
36340	31
36420	36
36430	5
36450	6
36520	12
36570	14
36600	69
36640	16
36660	25
36720	20
36760	17
36810	24
36840	22
36880	17
36910	27
36930	17
37100	42
37120	80
37130	18
37140	30
37150	25
37180	10
37200	51
37210	3
37240	7
37310	35
37350	10
37370	35
37380	5
37420	16
37470	29
37500	84
37530	28
37550	31
37560	32
37570	11
37600	122
37630	60
37700	25
37720	8
37740	4
37770	38
37800	102
37830	48
37850	15
37860	21
37900	5
37910	26
37960	13
38100	43
38120	4
38130	0
38140	7
38200	81
38210	112
38220	31
38250	56
38270	14
38280	26
38300	71
38360	50
38420	33
38460	35
38470	4
38490	3
38510	42
38600	75
38650	1
38670	4
38680	2
38700	48
38710	0
38720	25
38740	21
38750	16
38760	15
38770	8
38800	33
38840	48
38860	11
38910	40
38920	14
38950	22
38970	15
39100	47
39110	10
39130	27
39150	17
39160	22
39170	1
39180	3
39195	1
39200	26
39230	5
39290	1
39310	63
39340	26
39360	16
39380	6
39410	18
39430	12
39450	1
39500	50
39530	36
39580	24
39590	18
39610	10
39620	13
39660	16
39700	89
39750	36
39770	4
39780	15
39810	20
39820	33
39880	2
39920	19
39930	27
39940	20
39960	26
39965	0
39980	18
39990	0
40100	55
40200	25
40250	29
40270	161
40320	54
40340	25
40400	17
40420	31
40500	40
40520	65
40530	43
40600	20
40620	7
40630	32
40640	47
40660	18
40700	20
40720	9
40740	18
40800	72
40820	8
40900	45
40930	17
40950	71
41120	58
41140	29
41160	56
41180	20
41210	14
41220	17
41230	52
41240	21
41260	0
41270	30
41290	33
41310	43
41325	3
41330	66
41340	42
41350	37
41360	8
41370	43
41390	26
41400	55
41410	6
41440	16
41450	36
41490	20
41500	45
41520	48
41530	5
41540	14
41550	14
41560	1
41580	14
41630	31
41660	60
41710	15
41730	7
41750	3
41770	39
41800	71
41820	12
41840	0
41860	9
41870	16
41880	2
41900	55
41920	19
41925	8
41930	18
41940	35
41970	8
41980	2
42100	183
42140	19
42220	23
42300	70
42330	14
42440	72
42520	15
42560	8
42600	62
42660	11
42700	116
42720	1
42800	28
42820	0
42830	0
42840	23
42850	14
42870	52
42910	15
42930	7
43100	106
43130	19
43170	15
43220	22
43240	2
43250	22
43270	35
43300	31
43340	9
43390	0
43420	17
43430	10
43440	24
43480	12
43490	8
43500	59
43520	13
43540	0
43560	9
43610	3
43640	20
43660	32
43700	47
43720	0
43800	37
43840	8
43900	39
43940	29
43960	19
44100	30
44120	14
44150	26
44160	16
44170	13
44190	16
44200	61
44220	6
44250	19
44260	2
44280	25
44300	40
44320	0
44330	18
44350	29
44370	1
44400	25
44420	12
44440	6
44460	11
44480	10
44500	73
44530	8
44580	14
44590	8
44610	10
44630	11
44640	22
44670	17
44680	1
44730	21
44740	18
44760	11
44770	0
44790	15
44800	47
44860	27
44880	33
44910	18
44920	3
44950	1
44970	3
45100	85
45120	17
45130	29
45150	12
45160	19
45200	45
45330	10
45360	26
45370	45
45410	37
45460	9
45610	102
45700	73
45720	37
45740	45
45750	1
45810	22
45910	33
45940	16
46110	28
46140	9
46230	41
46400	19
46430	19
46450	3
46530	3
46570	4
46710	43
46730	5
46750	25
46800	73
46810	50
46860	17
46900	54
46910	27
46930	23
46950	4
46960	19
47110	0
47150	12
47200	71
47260	9
47310	6
47350	13
47400	47
47440	0
47450	1
47460	0
47490	26
47520	4
47540	10
47610	1
47650	8
47710	36
47760	1
47810	14
47830	4
47850	7
47900	9
47910	6
48100	26
48130	5
48200	8
48210	4
48220	18
48230	24
48300	21
48310	38
48350	6
48400	40
48410	36
48600	48
48700	24
48710	11
48720	38
48750	17
48770	14
48800	19
48810	22
48900	17
48910	13
48930	1
49200	21
49210	10
49220	52
49240	22
49270	17
49290	10
49300	28
49340	22
49400	86
49410	13
49420	26
49460	13
49480	4
49490	17
49510	19
49520	8
49540	13
49570	13
49610	0
49630	8
49640	9
49660	27
49700	9
49720	0
49730	18
49750	3
49760	2
49770	1
49780	1
49840	7
49860	22
49900	30
49930	16
49960	10
49980	9
50100	85
50120	22
50130	21
50150	25
50160	12
50170	55
50180	15
50190	20
50200	39
50300	13
50350	6
50500	31
50520	11
50600	34
50670	37
50700	35
50770	2
50800	18
50970	33
51130	4
51200	56
51260	6
51270	23
51310	23
51335	0
51340	27
51360	9
51380	12
51420	19
51430	10
51440	10
51450	2
51460	1
51520	32
51540	40
51600	54
51620	2
51670	6
51720	13
51740	12
51760	27
51780	0
51810	4
51820	12
51850	8
51860	8
51880	5
51890	1
51900	72
51930	12
51940	20
51980	24
52100	43
52110	19
52150	20
52200	52
52230	13
52270	6
52300	57
52320	14
52330	2
52340	2
52360	0
52420	33
52510	33
52520	7
52550	48
52610	15
52620	9
52700	100
52720	12
52730	13
52740	18
52760	7
52780	2
52830	41
52850	3
52890	18
52920	9
52960	11
52970	0
52980	0
53100	40
53130	3
53200	12
53300	108
53400	43
53420	11
53500	39
53550	20
53600	30
53650	25
53810	14
53830	30
53850	97
53900	12
53920	18
53950	21
54100	79
54110	11
54120	28
54190	4
54230	30
54250	2
54260	33
54270	26
54300	9
54310	17
54330	23
54390	2
54410	41
54430	19
54460	1
54490	12
54500	39
54510	15
54530	24
54550	1
54580	2
54590	10
54710	30
54720	2
54750	28
54770	37
54800	47
54820	15
54850	19
54915	25
54920	33
54930	16
54940	0
54950	0
54960	20
55100	113
55120	32
55300	21
55320	5
55330	1
55400	18
55420	36
55510	10
55610	25
55700	7
55800	50
55910	35
56100	23
56120	32
56140	14
56210	47
56310	22
56330	0
56350	1
56410	9
56440	28
56510	17
56550	16
56610	31
56640	8
56710	14
56730	28
56800	34
57100	21
57120	0
57130	9
57170	12
57200	35
57210	50
57220	25
57230	96
57310	81
57510	11
57600	33
57710	28
57810	11
58130	14
58140	10
58150	16
58160	3
58170	11
58175	15
58180	9
58200	98
58220	22
58260	13
58300	53
58320	14
58350	25
58360	15
58390	0
58410	25
58420	13
58430	35
58450	26
58500	34
58520	25
58550	33
58570	13
58580	23
58610	25
58620	23
58650	5
58680	2
58690	19
58700	69
58720	14
58770	10
58810	27
58830	23
58850	12
58900	73
58910	20
58920	16
58940	0
59100	57
59130	21
59210	16
59310	43
59320	4
59410	18
59510	21
59520	9
59530	0
59610	3
59710	3
59720	4
59730	1
59800	53
59810	8
59820	19
60100	66
60120	19
60150	13
60200	77
60220	29
60280	3
60320	63
60420	17
60450	27
60510	48
60550	67
60560	13
60640	17
60720	27
60760	24
60800	64
61100	48
61110	13
61120	19
61140	1
61150	12
61160	17
61170	23
61180	9
61220	8
61230	28
61250	19
61270	22
61280	26
61290	22
61300	82
61310	14
61330	38
61340	13
61350	13
61360	44
61370	19
61380	14
61400	40
61410	17
61430	10
61440	17
61450	25
61460	14
61470	12
61500	36
61520	11
61550	9
61560	0
61600	56
61630	15
61640	17
61650	34
61680	10
61710	17
61720	60
61730	20
61760	23
61800	70
61810	2
61820	38
61840	15
61850	74
61860	17
61880	33
61910	0
61920	2
61940	21
61950	15
61960	31
61980	41
62100	81
62130	20
62150	4
62160	24
62165	19
62170	12
62175	9
62185	8
62190	27
62200	34
62220	26
62230	9
62240	21
62260	2
62280	9
62290	14
62295	12
62300	39
62310	33
62340	2
62350	12
62370	1
62375	45
62380	2
62395	8
62410	14
62420	24
62430	6
62435	4
62440	3
62470	15
62500	27
62510	11
62520	2
62540	9
62570	7
62600	42
62610	8
62620	13
62630	20
62640	13
62660	20
62710	20
62720	15
62730	5
62740	15
62750	9
62760	15
62800	17
62810	10
62830	10
62840	1
62860	4
62870	4
62880	14
62900	48
62920	18
62940	26
62950	18
62990	3
63100	21
63120	8
63130	28
63150	14
63160	6
63210	2
63230	13
63250	0
63300	63
63320	1
63330	16
63340	17
63350	20
63355	1
63360	7
63370	19
63400	11
63410	5
63430	2
63450	3
63500	24
63510	20
63530	1
63540	9
63600	29
63610	11
63640	15
63660	15
63680	12
63700	70
63770	15
63780	11
63800	44
63830	0
63880	7
63890	0
63900	27
63910	1
63920	19
63950	8
64100	17
64140	17
64200	35
64210	11
64220	16
64230	9
64240	9
64250	12
64260	7
64300	42
64320	17
64350	26
64370	9
64440	9
64450	8
64460	5
64480	6
64490	9
64510	12
64530	9
64550	8
64610	19
64700	50
64720	18
64740	14
64760	9
64770	12
64810	32
64820	6
64830	15
64840	0
64850	4
64900	34
64930	13
65100	96
65130	0
65170	9
65200	16
65230	39
65280	81
65300	51
65320	45
65350	19
65370	30
65380	57
65410	43
65450	29
65460	4
65470	4
65480	8
65520	33
65610	46
65630	20
65650	1
65710	15
65730	10
65760	16
65800	10
65870	9
65920	4
65930	4
65970	17
66100	28
66140	23
66160	24
66200	11
66210	9
66220	2
66230	1
66240	22
66260	11
66270	14
66280	4
66290	9
66295	6
66300	40
66320	5
66330	13
66340	17
66350	8
66360	26
66370	15
66400	28
66420	8
66430	4
66440	27
66450	14
66460	16
66470	20
66500	34
66510	14
66520	13
66530	23
66540	17
66550	8
66560	7
66580	17
66590	1
66600	53
66640	25
66660	7
66680	4
66710	19
66730	4
66800	17
66810	9
66820	2
66830	15
66840	13
66850	23
66900	34
66910	5
66930	3
66950	18
66970	3
66980	3
66999	0
67100	58
67200	12
67300	16
67400	20
67410	23
67500	22
67600	19
67700	22
67800	24
67900	14
68100	45
68150	13
68210	23
68220	8
68230	22
68240	30
68300	77
68320	24
68370	12
68380	21
68390	3
68410	38
68500	40
68530	12
68550	31
68555	15
68560	12
68570	12
68580	4
68600	35
68620	0
68630	0
68660	5
68690	8
68700	39
68750	6
68800	21
68810	19
68820	16
68830	8
68840	10
68870	8
68910	20
68920	6
68930	6
68940	12
68970	8
68999	2
69100	85
69150	22
69170	20
69300	44
69310	17
69330	11
69340	22
69410	27
69420	5
69440	14
69450	6
69510	36
69550	8
69570	11
69600	60
69660	20
69700	34
69730	18
69750	29
69820	44
69830	16
69850	12
69910	13
69920	28
69950	17
69970	2
69980	27
70100	33
70110	18
70150	18
70200	39
70210	9
70240	4
70260	10
70280	11
70300	18
70340	25
70400	16
70420	32
70460	26
70500	31
70600	9
70620	22
70700	39
70780	45
70800	94
70820	67
70840	31
70870	85
70900	59
70910	22
70940	25
71130	55
71150	20
71160	64
71170	11
71200	54
71210	12
71240	21
71260	29
71280	38
71310	53
71330	56
71360	8
71380	5
71460	23
71470	15
71480	15
71490	9
71520	16
71570	38
71610	0
71640	0
71650	10
71660	3
71670	2
71680	1
71690	1
71720	12
71730	30
71740	2
71745	1
71750	23
71760	24
71775	23
71800	130
71820	20
71840	18
71850	16
71870	1
71890	31
71910	17
71920	9
71950	4
71960	31
72100	64
72140	0
72210	37
72220	1
72300	33
72310	21
72330	12
72350	20
72360	15
72380	3
72400	59
72430	28
72490	2
72510	23
72530	26
72550	23
72570	14
72600	39
72630	9
72710	27
72740	10
72810	4
72840	12
72930	0
72950	0
72980	1
73100	69
73110	15
73120	20
73200	37
73230	7
73250	2
73300	28
73310	22
73320	119
73350	27
73360	20
73410	10
73460	20
73470	26
73500	73
73600	68
73620	21
73640	22
73645	14
73670	53
73710	34
73730	10
73770	44
73810	10
73830	19
73850	2
73860	0
73900	38
73970	0
73990	2
74100	14
74120	62
74130	46
74140	75
74150	64
74160	61
74170	37
74200	59
74230	31
74240	4
74250	12
74270	26
74300	89
74340	45
74345	5
74360	18
74380	17
74390	16
74420	19
74470	16
74490	4
74510	28
74520	30
74540	14
74550	6
74590	30
74595	27
74610	19
74630	23
74640	25
74670	6
74680	10
74700	81
74720	16
74740	21
74770	5
74840	19
74940	11
74980	5
75500	84
75530	49
75650	22
75680	8
75700	38
75710	22
75740	4
75770	16
75790	10
75840	12
75890	0
75930	5
75940	2
75970	6
75990	12
76100	87
76120	20
76130	10
76150	17
76280	0
76620	16
76780	0
76850	62
76940	11
77110	15
77120	9
77140	8
77220	15
77240	10
77320	0
77330	31
77350	17
77380	14
77430	17
77460	23
77480	0
77520	21
77570	7
77580	3
77600	135
77630	13
77690	1
77700	69
77770	0
77800	18
77910	15
77930	32
77960	1
78200	52
78210	22
78250	16
78300	23
78310	13
78400	17
78480	34
78500	33
78610	19
78710	30
78850	45
78870	20
78880	22
78900	11
79100	96
79130	20
79140	29
79150	22
79160	0
79180	14
79190	14
79230	1
79255	6
79265	3
79330	10
79350	1
79410	7
79480	39
79520	18
79600	47
79620	19
79630	5
79660	10
79680	11
79690	9
79700	71
79810	24
79820	13
79830	12
79850	0
79860	27
79885	0
79895	3
79910	27
79940	19
80100	72
80110	9
80130	25
80140	53
80160	40
80170	26
80200	31
80210	0
80220	19
80230	48
80260	37
80330	34
80400	64
80510	32
80710	71
80770	32
80780	3
80790	1
80850	27
80910	62
81100	30
81120	34
81160	24
81200	80
81210	5
81220	16
81230	4
81235	4
81260	8
81270	8
81280	36
81290	22
81295	11
81320	2
81330	13
81350	15
81360	20
81390	6
81420	0
81430	2
81450	0
81460	0
81470	0
81560	18
81570	7
81590	7
81650	18
81660	0
81700	57
81720	36
81750	13
81810	25
81820	22
81850	20
81860	21
81950	18
81970	14
82110	42
82120	24
82140	38
82160	8
82170	0
82180	13
82200	87
82210	15
82220	54
82290	28
82300	29
82310	17
82335	28
82350	12
82360	20
82380	22
82395	12
82430	42
82460	13
82490	0
82500	99
82510	27
82580	23
82590	20
82600	62
82655	15
82660	15
82670	7
82675	8
82685	4
82710	40
82730	16
82750	13
82760	17
82770	5
82815	21
82820	9
82830	3
82840	0
82850	2
82865	0
82870	0
82880	2
82900	60
82915	19
82960	21
82967	16
82980	10
83100	91
83130	10
83140	7
83150	17
83160	15
83320	9
83330	23
83340	0
83400	45
83430	32
83450	3
83460	12
83480	14
83500	76
83550	9
83630	13
83660	18
83700	63
83720	11
83750	20
83760	2
83780	10
83825	13
83830	7
83835	3
83840	6
83855	17
83870	20
83880	12
83900	73
83910	0
83915	0
83940	8
83950	26
83960	12
83985	0
84100	138
84460	20
84540	16
84650	21
84770	5
84880	28
85100	68
85120	32
85140	36
85150	12
85160	22
85180	12
85200	61
85210	21
85230	29
85310	31
85320	8
85340	29
85410	22
85430	18
85450	11
85470	20
85500	105
85540	25
85560	28
85580	45
85620	16
85630	10
85640	32
85660	8
85710	30
85730	12
85800	95
85820	34
85840	32
85900	26
85930	6
85940	16
85980	29
86100	36
86110	20
86160	16
86170	26
86210	7
86220	33
86230	12
86240	21
86300	94
86350	12
86360	16
86400	56
86440	2
86460	14
86470	7
86480	10
86510	27
86530	19
86550	42
86600	108
86650	27
86680	19
86690	17
86710	74
86790	2
86800	114
86810	13
86850	21
86870	30
86900	15
86980	6
87100	46
87150	22
87200	38
87250	65
87300	3
87400	16
87500	34
87700	47
87800	112
87830	22
87850	30
87900	50
87910	22
87930	31
87950	50
87970	20
88120	22
88200	40
88270	65
88300	77
88310	28
88340	10
88350	20
88380	23
88400	59
88440	10
88460	2
88470	28
88490	29
88530	17
88600	152
88610	75
88615	1
88620	53
88640	18
88670	22
88690	23
88730	4
88740	4
88760	32
88820	0
88900	182
88930	29
88940	2
89110	17
89140	7
89200	67
89210	3
89320	12
89330	3
89400	53
89430	13
89440	17
89540	7
89560	10
89600	131
89610	0
89640	7
89660	10
89670	31
89680	2
89730	2
89740	10
89760	17
89770	12
89780	9
89800	37
89830	4
89840	12
89920	38
90100	42
90120	9
90130	35
90140	14
90150	28
90220	20
90230	44
90240	44
90250	34
90310	53
90400	69
90410	46
90440	40
90450	49
90460	51
90470	26
90480	23
90500	23
90510	11
90520	18
90530	21
90540	65
90550	12
90560	14
90570	28
90580	14
90590	18
90620	7
90630	53
90650	78
90660	90
90670	19
90800	52
90810	12
90820	52
90830	68
90840	71
90850	29
90860	13
90900	78
90910	34
90940	34
91100	72
91110	30
91140	28
91150	14
91200	48
91210	29
91240	26
91260	0
91300	102
91310	21
91410	11
91430	4
91500	75
91510	24
91560	7
91600	47
91620	10
91630	15
91640	10
91660	9
91670	0
91700	47
91710	3
91720	0
91730	15
91740	18
91750	10
91760	27
91780	3
91790	12
91800	61
91900	72
91910	31
91930	24
91950	30
91980	26
92100	31
92120	32
92130	29
92140	58
92150	24
92160	48
92180	2
92210	31
92220	34
92230	12
92240	4
92260	22
92320	46
92330	11
92350	31
92400	53
92430	52
92440	1
92450	3
92470	18
92500	72
92520	17
92530	7
92600	50
92610	14
92620	38
92640	31
92650	18
92700	87
92810	7
92830	25
92910	19
92920	7
92930	32
93100	97
93140	61
93160	16
93170	8
93180	5
93187	24
93190	10
93195	12
93220	19
93225	27
93240	21
93250	13
93270	41
93277	13
93280	32
93290	10
93350	16
93390	4
93400	115
93420	29
93440	7
93470	8
93540	44
93590	15
93600	77
93700	138
93800	127
93830	75
93900	100
93999	0
94100	25
94200	21
94300	1
94400	29
94430	18
94450	24
94460	14
94500	40
94600	13
94700	18
94720	11
94800	4
94830	17
94900	7
95100	8
95110	23
95130	6
95160	11
95200	32
95210	9
95220	15
95225	11
95230	22
95255	3
95260	6
95270	2
95300	46
95310	19
95315	15
95325	33
95330	29
95340	26
95350	0
95355	21
95365	3
95370	16
95375	6
95400	24
95410	27
95420	33
95430	5
95440	28
95450	26
95460	17
95470	17
95490	0
95500	65
95520	16
95530	33
95540	25
95560	20
95590	28
95600	36
95610	23
95615	15
95620	34
95630	17
95635	25
95640	21
95645	27
95655	4
95660	13
95670	2
95675	1
95680	2
95690	14
95700	50
95710	0
95720	4
95750	20
95760	11
95770	18
95780	10
95790	19
95800	35
95830	0
95840	0
95850	14
95860	0
95900	71
95920	17
95930	10
95940	8
95950	9
95970	28
95980	17
95990	9
96100	69
96190	41
96200	25
96300	44
96320	9
96400	48
96440	32
96460	23
96500	35
96600	41
96700	8
96800	23
96900	96
96910	27
96930	8
96960	2
97110	12
97130	28
97140	45
97145	0
97160	13
97170	16
97220	23
97240	22
97250	22
97280	45
97290	28
97310	38
97320	0
97330	7
97335	7
97340	58
97370	10
97380	0
97390	10
97420	54
97430	0
97470	16
97510	45
97520	15
97530	22
97540	22
97580	10
97590	0
97610	38
97615	6
97620	7
97625	15
97630	10
97635	7
97645	2
97650	24
97655	30
97665	18
97670	27
97675	14
97680	20
97685	0
97690	0
97700	138
97715	75
97720	19
97760	29
97765	3
97770	2
97780	9
97785	14
97810	2
97815	13
97820	23
97840	13
97850	4
97870	0
97880	5
97890	21
97895	15
97900	74
97920	5
97925	3
97940	9
97950	5
97960	7
97965	0
97970	4
97980	2
97999	4
98100	80
98120	23
98230	14
98310	21
98350	13
98360	26
98400	41
98420	11
98440	18
98450	34
98500	37
98510	10
98530	40
98550	0
98560	14
98570	7
98580	0
98600	37
98620	0
98630	2
98660	21
98710	24
98720	9
98760	1
98770	0
98780	13
98790	14
98800	32
98810	7
98820	2
98830	16
98840	0
98850	12
98900	50
98920	33
98930	24
98950	27
98960	0
98970	5
98980	9
98995	34
99100	54
99110	20
99120	6
99130	70
99135	4
99140	10
99150	4
99160	0
99170	0
99180	0
99190	0
99195	0
99230	0
99240	9
99250	12
99270	4
99280	6
99290	3
99300	79
99310	17
99320	20
99330	1
99340	7
99360	10
99400	34
99410	14
99420	15
99430	2
99440	17
99450	20
99460	8
99470	19
99490	16
99510	23
99520	0
99530	12
99540	24
99550	25
99555	8
99560	20
99600	101
99610	2
99620	8
99640	3
99645	1
99650	18
99655	0
99660	8
99665	0
99670	11
99690	20
99695	4
99710	27
99720	14
99740	12
99750	2
99760	3
99770	13
99800	70
99830	29
99860	0
99870	27
99885	0
99910	23
99930	5
99940	2
99950	5
99980	12
99990	7
