posti_alue	Radius
90510	316.233
90520	377.297
90530	511.995
90540	1066.294
90550	675.477
90560	487.099
90570	679.119
90580	680.196
90590	436.479
90620	1268.035
90630	1034.070
90650	581.453
90660	4714.383
90670	1680.074
90800	1236.653
90810	130.253
90820	1553.560
90830	1471.866
90840	2457.111
90850	936.879
92150	449.966
92160	1864.877
92180	337.860
92210	1413.120
92220	3368.312
92230	1680.218
92240	2034.475
92260	3611.322
92320	3566.927
92330	2364.264
92350	3990.501
92400	4802.542
92430	3679.080
92440	1337.336
92450	4643.966
92470	4433.950
92500	4600.298
92520	3174.733
92530	1573.399
92600	3665.705
92610	2606.287
92620	6053.457
92930	4232.450
93100	7919.703
93140	5612.266
93160	8206.132
93170	2356.629
93180	1670.983
93187	6063.396
93190	5617.414
93195	1729.936
93220	4935.693
93225	5239.787
93240	3246.243
93250	11050.842
93270	1213.318
93277	3358.987
93280	8244.042
93290	3963.386
93350	4564.318
93390	6380.096
93400	10867.098
93420	5528.601
93440	5800.303
93470	6571.172
93540	8486.799
93590	3172.591
93700	16844.507
94100	269.823
94200	542.977
94300	1265.614
94400	1627.732
94430	1521.028
94450	1517.174
94460	1568.248
94500	3542.866
94600	480.522
94700	2229.498
94720	182.794
56730	2122.112
56800	2913.589
57100	1490.477
57120	190.224
57130	517.080
57170	409.710
57200	276.946
57210	1376.872
57220	507.773
57230	5427.340
57310	1558.308
57510	533.243
57600	1919.755
57710	1308.370
57810	1155.575
58130	2361.266
58140	2779.678
58150	2168.079
58160	1807.912
58170	2104.449
58175	2660.930
58180	3455.013
58200	3147.171
58220	2643.025
58260	2594.826
58300	5083.638
58320	767.369
58350	3024.842
58360	2628.514
58390	3415.367
58410	1272.726
58420	1977.438
58430	2086.779
58450	2826.745
58500	769.658
58520	4651.857
58550	2406.821
58570	2037.625
58580	3452.185
58610	1985.180
58620	2918.139
58650	2956.480
58680	3054.558
58690	1818.014
58700	7022.656
58720	3698.637
58770	2329.505
58810	3822.364
58830	1995.283
58850	2644.869
58900	6470.848
58910	577.347
58920	2849.235
58940	3056.640
59100	4495.267
59130	2754.554
59210	2471.677
59310	4003.096
59320	1818.449
59410	2688.262
59510	1020.035
59520	1456.121
59530	1187.330
59610	2266.648
59710	1159.125
59720	3160.323
59730	2391.086
59800	5324.541
59810	1664.551
59820	1827.347
60100	220.601
60120	903.944
60150	617.642
60200	1589.148
60220	556.371
60280	824.201
60320	1711.344
60420	1894.742
60450	2086.357
60510	1082.494
60550	3773.219
60560	868.717
60640	3107.014
60720	2132.764
60760	2861.530
60800	3417.365
61100	1877.804
61110	1292.297
61120	3434.418
61140	1334.142
61150	1778.598
61160	1718.806
61170	2649.530
61180	1828.226
61220	1284.573
61230	3011.002
61250	1353.649
61270	3629.984
61280	2383.520
61290	1190.684
61300	2047.956
61310	1591.070
61330	1762.385
61340	2380.233
61350	2777.106
61360	124.987
61370	631.631
61380	2290.220
61400	1530.861
61410	2732.447
61430	95.064
61440	2217.660
61450	2007.856
61460	2458.295
61470	2289.636
61500	2167.651
61520	3116.969
61550	1170.703
61560	2357.305
61600	2260.118
61630	2771.545
61640	1469.189
61650	2578.540
61680	1577.586
61710	1520.713
61720	3553.792
61730	2153.247
61760	2734.635
61800	3630.136
62810	1836.776
62830	1674.075
62840	1088.075
62860	1422.054
62870	1953.373
62880	2652.179
62900	1254.756
62920	1939.787
62940	1573.401
62950	2781.447
62990	2752.849
63100	2883.825
63120	3190.637
63130	4909.267
63150	3166.219
63160	1809.416
63210	2062.818
63230	2205.182
63250	845.222
63300	2005.150
63320	2211.658
63330	1567.196
63340	2269.230
63350	2440.729
63355	3475.738
63360	1978.639
63370	3050.403
63400	1967.221
63410	2713.853
63430	2717.095
63450	1044.240
63500	24.647
63510	2391.305
63530	3132.705
63540	1281.794
63600	2998.408
63610	3560.254
63640	3019.243
63660	1704.205
63680	2930.601
63700	3589.942
63770	2256.843
63780	2538.728
63800	6336.823
63830	2300.169
63880	2430.436
63890	1770.909
63900	5864.395
63910	1459.460
63920	1687.519
63950	2925.207
64100	909.701
64140	3261.069
64200	709.221
64210	1584.473
64220	2919.438
64230	954.884
64240	248.700
64250	1793.655
64260	295.819
64300	4089.625
64320	2523.290
64350	5811.577
64370	2854.221
64440	2685.354
64450	1727.060
64460	2240.355
64480	2151.428
64490	3199.269
64510	2039.044
64530	1874.843
64550	1742.785
64610	4217.601
64700	1007.543
64720	1959.690
64740	3252.795
64760	1724.274
64770	2387.526
64810	2733.826
64820	3679.100
64830	2189.936
64840	1480.337
64850	2144.267
64900	4649.336
64930	2300.362
65100	1050.206
65130	124.705
65170	279.240
65200	491.053
65230	708.319
65280	295.561
65300	472.108
65320	1000.734
65350	482.754
65370	1612.190
65380	1598.716
65410	534.694
65450	1835.506
65460	586.124
65470	1640.603
65480	855.006
65520	2310.100
65610	776.580
65630	846.998
65650	1432.075
65710	1222.332
65800	2543.028
65870	808.826
65920	1422.461
65930	296.558
65970	316.511
66100	2237.916
66140	2627.145
66160	3412.644
66200	276.835
66210	118.430
66220	53.992
66230	1485.205
66240	3863.911
66260	2247.995
66270	3853.729
66280	1489.828
66290	677.350
66295	1619.698
66300	1380.259
66320	1291.598
66330	2758.724
66340	3265.148
66350	3194.378
66360	2793.112
66370	2420.474
66400	3143.001
66420	870.374
66430	716.886
66440	2293.772
66450	698.262
66460	1220.838
66470	4771.920
66500	3917.064
66510	1277.407
66520	2812.423
66530	2407.393
66540	605.201
66550	939.237
66560	1719.432
66580	1134.832
66590	864.712
68530	1488.874
68550	798.922
68555	129.255
68560	1781.132
68570	1323.375
68580	393.793
68600	1251.289
68620	948.346
68630	936.061
68660	985.496
68690	2522.598
68700	4206.704
68750	1411.396
68800	1555.150
68810	2318.825
68820	600.435
68830	1335.891
68840	3468.416
68870	645.672
68910	2548.845
68920	1817.585
68930	2096.514
68940	2389.028
68970	2366.783
68999	1257.304
69100	5449.854
69150	3109.551
69170	2727.916
69300	4195.309
69310	2316.690
69330	2328.102
69340	1557.172
69410	3437.132
69420	466.117
69440	5974.112
69450	4635.591
69510	4720.148
69550	3780.244
69570	2419.571
69600	6866.998
69660	420.761
69700	2782.184
69730	360.213
69750	3399.255
69820	4366.866
69830	3309.943
69850	2773.032
69910	2682.873
69920	4934.773
69950	1329.957
69970	5566.393
69980	5727.759
70100	2724.966
70110	248.066
70150	947.740
70300	45.196
70340	447.329
70400	462.945
70420	1451.862
70460	919.424
70500	421.331
70600	367.257
70620	728.118
70700	223.806
70780	2899.581
70800	3862.207
70820	908.669
70840	753.175
70940	2499.641
71130	2406.217
71150	2583.418
71160	4597.558
71170	1859.166
71200	5130.381
71210	2608.032
71240	2692.570
71260	3108.699
71280	6893.468
71310	3302.519
71330	3119.037
71360	3835.732
71380	3852.950
71460	3447.584
71470	1543.686
71480	2859.473
71490	2503.820
71520	3589.910
71570	3221.769
71610	174.544
71640	4590.779
71650	1611.827
71660	2272.257
71670	2837.142
71680	2078.270
71690	883.519
71720	2594.812
71730	490.982
71740	1944.369
71745	288.731
71750	2471.837
71760	3177.836
71775	4979.689
71800	810.743
71820	2078.573
71840	1676.483
71850	733.567
71870	120.463
71890	1295.644
71910	3070.595
71920	1531.161
71950	2791.702
71960	2982.883
72100	1093.901
72140	546.822
72210	6863.887
72220	1593.681
72300	3583.729
72310	1990.470
72330	2756.051
72350	1791.598
72360	3494.507
72380	3025.353
72400	3841.205
72430	3237.750
72490	2856.103
72510	1315.652
72530	1251.389
72710	3581.125
72740	4341.821
72810	2383.804
72840	2841.077
72930	2141.022
72950	3226.866
72980	2955.440
73100	2833.830
73110	939.688
73120	2204.282
73200	5009.479
73230	1025.872
73250	285.935
73300	2964.518
73310	827.408
73320	456.596
73350	902.340
73360	2253.962
73410	4163.322
73460	2513.614
73470	2182.237
73500	4609.665
73600	4030.773
73620	3700.293
73640	1809.784
73645	2037.495
73670	5451.296
73710	2345.594
73730	2360.888
73770	4122.309
73810	4158.052
73830	3536.375
73850	2452.550
73860	231.820
73900	11361.549
73970	1547.019
73990	1827.092
74100	707.221
74120	1609.641
74130	1323.910
74140	3067.868
74150	3415.328
41270	1995.449
41290	3323.950
41310	2102.485
41325	1616.761
41330	1365.551
41340	1958.206
41350	1042.601
41360	2374.488
41370	1588.449
41390	2633.295
41400	5286.301
41410	1869.410
41440	2395.383
41450	2108.408
41490	2106.237
41500	3176.952
41520	2567.329
41530	2002.950
41540	2903.697
41550	2091.312
41560	1789.294
41580	2476.846
41630	3157.033
41800	4861.737
41820	2413.358
41840	1214.442
41860	1947.802
41870	4019.458
41880	3233.348
41900	3167.551
41920	2785.623
41925	1832.784
41930	1731.174
41940	898.339
41970	2180.502
41980	3007.432
42100	1365.503
42140	1219.104
42220	1409.888
42300	2111.224
42330	1045.439
42440	6937.091
42520	1214.160
42560	905.784
42600	9294.952
42660	3199.571
42700	6770.796
42720	238.416
42800	3706.574
42820	2511.772
42830	2474.363
42840	3063.151
42850	3860.804
42870	3602.235
42910	5641.245
42930	4240.136
43100	2098.744
43220	4989.917
43240	2280.362
43250	2435.955
43270	4430.819
43300	6876.031
43480	2223.692
43490	4723.159
43500	3953.065
43520	2530.909
43540	2466.674
43560	2868.115
43610	2997.745
43640	1638.765
43660	3560.941
43700	8061.595
43720	2980.723
43800	7599.331
43840	2603.459
43900	3802.626
43940	2266.917
43960	4135.956
44100	1144.789
44120	892.470
44150	4718.728
44160	2469.073
44170	2691.216
44190	2256.703
44200	115.733
44220	355.356
44250	2407.715
44260	1279.789
44280	4483.832
44300	3686.022
44320	4574.274
44330	1301.949
44350	3209.283
44370	2622.043
44400	2587.240
44420	2398.024
44440	1039.298
44460	2522.996
44480	2344.635
44500	2046.196
44530	2140.641
44580	2114.204
44590	2946.083
44610	2216.252
44630	3949.552
44640	3693.944
44670	4000.192
44680	2454.619
44730	482.317
44740	2994.989
44760	923.840
44770	1518.587
44790	1785.329
44800	4827.176
44860	6160.332
44880	5653.260
44910	3400.840
44920	4572.154
44950	2120.911
44970	6036.437
45120	512.734
45130	877.517
45150	460.887
45160	674.616
45200	1344.877
45460	2724.847
45610	3631.948
45700	710.118
45720	907.224
45740	1457.137
45750	164.725
45810	1806.009
45910	1551.498
45940	1598.833
46110	4144.288
46140	1370.929
46230	3892.695
46400	2070.980
46430	3251.359
46450	2929.054
46530	2305.707
46570	2284.449
46710	4121.118
46730	1618.059
46750	1521.156
46800	3157.920
46810	2843.180
46860	1233.105
46900	2166.722
46910	1775.918
46930	2126.138
46950	928.783
46960	2175.035
47110	1191.122
47150	2193.111
47200	4745.130
47260	2385.525
47310	2897.198
47350	1945.158
47400	4751.471
47440	1949.063
47450	2664.858
47460	349.653
47490	2956.852
47520	1065.888
47540	2545.165
47610	2494.342
47650	2931.429
47710	6367.298
47760	3844.026
74595	3433.791
74610	1219.156
74630	2547.603
74640	2635.304
74670	140.899
74680	934.681
74700	2480.177
74720	1523.310
74740	3291.317
74770	1575.696
74840	3976.128
74940	78.885
74980	2178.355
75500	1457.520
75530	3204.033
75650	3822.447
75680	5296.989
75700	911.194
75710	2216.333
75740	3993.513
75770	1583.790
75790	3882.787
75840	482.905
75890	3931.003
75930	6793.143
75940	959.086
75970	527.038
75990	3441.711
76100	897.822
76120	733.815
76130	1034.707
76150	1129.832
76280	1829.663
76620	1636.160
76780	2799.775
76850	2976.426
76940	1945.675
77110	2929.389
77120	1920.808
77140	3904.448
77220	2318.195
77240	2329.519
77320	1501.506
77330	6874.071
77350	2098.843
77380	863.235
77430	3303.950
77460	1812.149
77480	510.450
77520	4776.567
77570	5590.472
77580	4335.056
77600	2452.042
77630	1378.418
77690	3083.712
77700	6894.554
77770	3046.855
77800	504.507
77910	1391.668
77930	5321.140
77960	53.606
78200	3328.503
78210	1020.003
78250	881.871
78300	467.520
78310	2052.735
78400	1106.731
78480	2733.449
78500	1317.439
78610	585.986
78710	2610.126
78850	902.778
78870	645.684
78880	1409.817
78900	838.796
79100	2864.794
79130	3185.907
79140	3517.733
79150	2781.349
79160	1691.896
79180	1132.392
79190	1980.213
79230	1892.474
79255	2073.363
79265	3014.894
79330	2460.820
79350	3701.140
79410	2694.710
79480	5603.388
79520	3611.484
79600	3544.435
79620	1989.412
79630	2837.171
79660	2716.823
79680	2072.722
79690	3407.406
79700	8078.812
79810	2090.084
79820	3068.258
79830	999.288
79850	397.726
79860	3880.812
79885	2764.584
79895	2234.795
79910	3690.519
79940	2902.758
80100	430.815
80110	564.369
80130	820.013
80140	1369.328
80160	628.818
80170	546.797
80200	426.473
80210	121.222
80220	1726.084
80230	1147.515
80260	1075.668
80330	1878.071
80400	2958.971
80510	3169.141
80710	2550.406
80770	906.419
80780	1384.161
80790	816.217
80850	1478.862
80910	2795.193
81100	255.590
81120	2419.412
81160	6082.685
81200	3344.098
81210	1077.932
81220	2176.912
81230	2482.313
81235	2341.950
81260	1070.068
81270	1860.652
81280	5155.675
81290	2277.857
81295	1000.633
81320	1962.281
81330	3209.136
81350	2748.802
81360	3727.600
81390	3347.217
81420	3969.253
81430	6348.138
81450	4482.250
81460	2083.671
81470	9232.839
81560	2430.367
81570	2330.820
81590	3743.373
81650	5514.124
81660	826.577
81700	3207.377
81720	2994.349
81750	7025.625
81810	994.987
81820	6908.618
81850	1975.268
81860	7419.850
81950	2524.770
81970	9196.244
82110	3277.246
82200	3717.841
82210	2327.146
82220	1520.912
82290	4293.786
82300	3103.185
82310	4114.860
82335	5319.378
82350	2360.377
00100	539.559
00120	208.860
00130	214.882
00140	185.215
00150	109.662
00160	236.853
00170	264.219
00180	342.100
00190	72.699
00200	459.815
00210	271.102
00220	335.847
00230	157.779
00240	459.379
00250	98.255
00320	547.247
00330	380.059
00340	54.357
00350	430.941
00360	323.447
00370	349.859
00380	420.606
00390	487.991
00400	573.361
00410	632.249
00420	490.930
00430	748.819
00440	410.871
00500	270.667
00560	178.531
00570	49.699
00580	444.987
00590	288.234
00600	464.784
00610	540.462
00620	341.902
00680	587.387
00690	510.341
00700	851.113
00710	643.198
00720	646.493
00730	678.103
00740	641.091
00750	593.597
00760	767.938
00770	635.272
00780	552.581
00790	651.555
00800	550.048
00810	337.681
00820	434.877
00830	132.178
00840	591.326
00850	65.974
00860	167.443
00870	323.760
00880	170.727
00890	1056.929
00900	240.763
00910	461.162
00920	696.320
00930	540.762
00940	910.125
00950	689.995
00960	597.675
00970	566.979
00980	25.758
00990	404.549
01120	225.280
01150	491.920
01180	1161.889
01190	1690.765
01200	1035.298
01230	626.551
01260	1282.654
01280	632.607
01300	735.137
01340	142.570
01350	766.148
01360	845.337
01370	672.731
01380	529.913
01390	700.984
01400	780.935
01420	479.010
01450	1436.217
01480	288.261
01490	654.418
01510	638.000
01520	350.275
01530	1577.085
01600	660.324
01610	526.446
01620	616.979
01630	661.252
01640	188.538
01650	518.135
01660	352.446
01670	418.438
01680	882.105
01690	1019.059
01700	961.496
01710	247.266
01720	804.847
01730	297.913
01740	908.976
01750	1489.497
01760	1577.786
01770	103.985
01800	1063.549
01810	982.674
01820	571.364
01830	1472.072
01840	1303.989
01860	1379.543
01900	3153.579
01940	1555.825
02100	140.566
02110	289.132
02120	357.184
02130	489.288
02160	63.194
02170	601.976
02180	721.588
02200	848.303
02210	395.053
02230	160.921
02240	455.231
48750	660.925
48770	819.966
48800	721.901
48810	652.159
48900	630.042
48910	94.167
48930	210.874
49200	302.053
49210	365.030
49220	114.161
49240	902.035
49270	2774.969
49290	3906.409
49300	1213.158
49340	2474.569
49400	1459.608
49410	639.565
49420	698.641
49460	122.231
49480	10.200
49490	261.644
49510	1599.068
49520	2239.699
49540	2346.103
49570	1876.098
49610	406.525
49730	3254.465
49750	2029.185
49760	2673.744
49770	1999.661
49780	2708.163
49840	89.259
49860	2813.160
49900	2856.825
49930	1693.880
49960	2171.653
49980	1488.319
50100	854.834
50120	524.931
50130	499.913
50150	267.612
50160	350.013
50170	1044.985
50180	1257.341
50190	237.692
50200	2902.600
50300	1333.727
50350	872.076
50500	788.457
50520	272.964
50700	1500.315
50770	3609.975
50800	2146.046
50970	2538.082
51130	3583.555
51200	5168.089
51260	2261.160
51270	3476.086
51310	3181.118
51335	231.331
51340	1904.444
51360	4196.969
51380	707.664
51420	2907.614
51520	3073.002
51540	2791.305
51600	5940.745
51620	614.000
51670	2702.425
51720	1630.313
51740	1747.977
51760	2858.560
51780	2955.044
51810	2393.288
51820	3189.879
51850	3816.711
51860	1804.968
51880	3988.631
51890	2147.272
51900	3067.514
51930	2448.545
51940	597.808
51980	2859.835
52100	3282.676
52110	2003.586
52150	1300.462
52200	11615.802
52230	5023.393
52270	1211.055
52300	618.165
52320	2301.757
52330	713.002
52340	1624.837
52360	2070.802
52420	2797.700
52510	4478.232
52520	2892.415
52550	5240.027
52610	2659.833
52620	3843.818
52700	8323.701
52720	2121.178
52730	2543.461
52740	3732.684
52760	1911.336
52780	2313.876
52830	6515.086
52850	2614.912
52890	3783.272
52920	1907.573
52960	640.285
52970	2291.571
52980	2411.545
53100	323.226
53130	325.835
53200	870.017
53300	161.017
53400	3006.120
53420	709.931
53500	860.801
53550	767.906
53600	384.548
53650	1617.525
53810	420.846
53830	595.919
53850	842.842
53900	355.063
53920	991.534
53950	568.421
54100	3038.027
54110	528.270
54120	2452.314
54190	1139.361
54230	3267.922
54250	2822.754
54260	3129.928
54270	2934.539
54300	3473.387
54310	2439.181
54330	2834.106
54390	2808.197
54410	6147.698
54430	3202.464
54460	2720.543
54490	3439.466
54500	459.023
54510	2323.682
54530	3375.703
54550	2795.355
54580	895.285
54590	1677.531
54710	3494.507
54720	2363.920
54750	2922.668
54770	5667.352
54800	3550.526
54820	2433.902
54850	1343.339
54915	804.188
03710	2892.798
03790	3377.315
03810	1822.953
03850	3302.729
03870	1377.011
04130	2817.920
04150	1110.938
04170	2586.735
04200	179.800
04220	190.887
04230	850.807
04240	912.551
04250	962.743
04260	965.131
04300	530.834
04310	809.370
04320	681.137
04330	619.725
04340	85.297
04350	1760.649
04360	1817.847
04370	1235.765
04380	367.457
04390	1370.878
04400	670.005
04410	623.580
04420	582.678
04430	816.491
04440	944.133
04460	469.989
04480	747.414
04500	1463.937
04530	2354.821
04600	1700.591
04620	927.967
04630	2903.600
04660	2529.111
04680	2180.302
04740	3245.189
04770	1890.605
04820	1995.141
04840	1140.025
04920	1501.581
04940	1737.161
05100	2029.148
05200	2422.389
05250	917.578
05400	2561.006
05430	1351.292
05450	1409.918
05460	654.105
05470	1352.869
05510	1544.516
05620	1343.076
05720	4005.346
05810	731.537
05820	1365.716
05830	690.679
05840	998.424
05850	134.861
05860	497.053
05880	833.358
05900	636.448
05950	3061.525
06100	1047.135
06150	626.989
06200	2159.906
06400	66.343
06450	338.159
06500	1006.221
06530	1532.252
06650	365.595
06750	669.277
06830	2313.315
06850	1392.567
06880	368.811
06950	1671.381
07110	1743.404
07130	2056.400
07150	1747.224
07190	2684.895
07220	1010.523
07230	1238.601
07280	1585.982
07310	1126.612
07320	1362.966
07350	517.849
07360	325.621
07370	274.308
07390	1074.789
07410	990.134
07450	1329.618
07500	713.527
07510	284.675
07530	1813.816
07550	955.022
07560	3055.669
07565	2835.605
07580	1023.276
07590	2187.157
07600	4023.728
07680	2139.087
07690	1687.715
07700	1389.468
07720	1293.088
07740	2116.110
07750	1541.951
07780	650.192
07800	1529.693
07810	1978.994
07820	3362.190
07830	1718.450
07840	1849.665
07850	2424.976
07870	2516.144
07880	3459.603
07890	2578.082
07900	917.449
07910	709.555
07920	497.614
07930	876.399
07940	884.006
07945	2065.935
07955	2933.967
07960	1477.334
07970	1768.600
07980	2184.788
07990	1555.889
20740	933.097
20750	629.442
20760	1125.845
20780	1442.231
20800	137.877
20810	704.825
20880	613.316
20900	1862.823
20960	451.627
21100	1192.437
21195	784.422
21200	1078.638
21210	773.082
21220	1173.976
21230	2627.511
21240	774.878
21250	2429.167
21260	739.718
21270	4343.047
21280	680.953
21290	2636.020
21310	3227.470
21330	1426.532
21340	2439.385
21350	1266.247
21360	2269.809
21370	2100.232
21380	1161.075
21410	1007.668
21420	2430.994
21430	3028.254
21450	3812.296
21480	2409.193
21490	2285.567
21500	1434.376
21510	505.332
21520	130.336
21530	417.739
21540	1840.622
21710	1403.382
21720	241.144
21740	2962.828
21750	339.142
21760	310.518
21770	443.600
21800	2728.488
21820	2757.767
21840	31.905
21860	988.110
21870	3729.266
21880	1922.227
21890	1731.419
21900	5604.672
21930	3542.743
22100	170.939
22120	58.177
22320	1326.434
22330	789.613
22340	1369.733
22410	1593.121
22430	2026.060
22520	18.904
22530	1787.602
22550	123.479
22610	2182.976
22630	66.808
22710	154.457
22720	831.100
22730	401.834
22810	792.243
22820	1211.372
22830	914.802
22840	668.277
22910	481.947
22920	106.154
22930	134.612
22940	18.592
22950	671.009
23100	8073.534
23120	1782.975
23140	764.245
23200	392.225
23210	43.604
23260	1517.464
23310	583.848
23360	410.770
23390	28.954
23450	2370.234
23500	301.112
23600	2146.006
23660	2303.946
23800	3390.580
23840	544.014
23880	300.645
23930	70.378
23950	2335.366
23960	1704.578
24100	870.343
24130	1513.588
24240	936.661
24260	1243.672
24280	1557.104
24800	1226.948
24910	1416.276
25110	2806.781
25130	2872.690
25160	865.291
25170	1269.927
25180	1883.619
25190	1451.531
25210	772.688
25230	129.969
25240	3270.846
25250	903.211
25260	4339.547
25340	2175.530
25360	2021.483
25370	2081.975
25380	1631.319
25390	3409.069
25410	2998.409
25420	1574.403
25430	2142.822
25460	2898.681
25470	2912.144
25500	3053.126
25520	3056.887
25540	2432.913
25550	1183.444
25560	1590.491
25570	2248.844
25610	2904.250
25630	274.370
25640	472.288
25650	165.282
25660	1321.005
25700	218.807
25710	74.722
25730	1648.786
25760	604.528
25810	1646.440
25820	253.309
25830	659.264
25840	741.919
25860	1848.075
27800	157.748
27820	2074.566
27840	1254.634
27860	2755.500
27910	522.303
27920	2496.100
28100	1277.447
28120	515.767
28130	382.889
28190	1018.100
28200	629.489
28220	1514.465
28240	417.177
28260	2296.026
28300	367.201
28330	479.904
28360	596.451
28370	314.035
28400	1930.452
28430	486.034
28450	1440.033
28500	378.347
28540	943.816
28560	2150.915
28580	1517.782
28600	426.831
28760	1827.210
28800	1286.158
28840	1037.813
28880	416.003
28900	199.234
29100	3245.824
29180	1213.923
29200	2185.965
29250	3349.294
29270	1377.469
29280	1652.609
29310	2802.580
29320	1411.809
29340	4619.671
29350	1934.991
29570	2209.948
29600	2707.375
29630	4776.286
29640	2402.853
29680	4042.699
29700	3193.189
29720	1915.728
29740	957.609
29750	1271.564
29760	410.679
29790	2124.954
29810	5474.478
29830	1456.938
29860	1445.544
29880	2649.339
29900	2678.566
29940	3584.953
30100	198.984
30300	621.879
30420	1324.824
31110	3118.949
31130	2094.750
31140	2047.011
31160	1549.249
31170	1929.872
31230	1953.535
31250	2129.925
31300	2769.510
31310	1122.589
31340	1748.836
31350	3165.979
31370	178.569
31380	3632.971
31400	3781.922
31410	2532.968
31450	2125.659
31460	1632.658
31470	1334.810
31490	2738.292
31500	5362.811
31520	2988.882
31530	1678.431
31600	2173.841
31610	1325.446
31620	1816.216
31630	2203.157
31640	1204.443
31650	1202.325
31700	2845.195
31720	2926.300
31730	2627.031
31750	1027.044
31760	2093.432
31810	3067.769
31830	3534.783
31850	1670.921
31860	1822.512
31970	2069.990
32100	4855.470
32140	2872.465
32200	3721.770
32210	1899.167
95645	5141.388
95655	1439.835
95660	3273.016
95670	4658.250
95675	5655.890
95680	2358.960
95690	6351.826
95700	4048.180
95710	2483.904
95720	1631.508
95750	4872.322
95760	2706.722
95770	3626.161
95780	4976.857
95790	4188.730
95800	18.129
95830	4511.401
95840	4421.687
95850	4476.954
95860	3681.002
95900	5711.944
95920	1101.483
95930	1887.884
95940	2878.383
95950	4436.497
95970	5622.490
95980	898.400
95990	3378.886
96100	100.520
96190	521.700
96400	2941.673
96440	861.796
96460	808.072
96500	703.312
96600	529.027
96700	3299.067
96800	2395.489
96900	9181.949
96910	882.070
96930	63.332
96960	1129.050
97110	4100.313
97130	3380.987
97140	8921.399
97145	140.369
97160	129.357
97170	903.937
97220	3324.936
97240	5435.522
97250	5610.525
97280	2924.972
97290	3430.619
97310	3819.910
97320	7698.916
97330	3042.881
97335	3883.681
97340	9045.991
97370	3124.795
97380	573.556
97390	4821.202
97420	7746.340
97430	3284.172
97470	5006.695
97510	6529.737
97520	2657.311
97530	5466.297
97540	5187.477
97580	3457.026
97590	2680.582
97610	7646.084
97615	1878.546
97620	1755.021
97625	3445.308
97630	3936.197
97665	3679.963
97670	3170.781
97675	4767.406
97680	6921.843
97685	3949.436
97690	5166.528
97700	13359.120
97715	3793.307
97720	3403.920
97760	3280.628
97765	3544.080
97770	644.390
97780	2122.074
97785	2212.741
97810	4193.223
97815	5275.000
97820	4997.749
97840	2985.065
97850	3082.026
97870	822.749
97880	1304.253
97890	5162.068
97895	5003.008
97900	5275.815
97920	3411.170
97925	4217.196
97940	3035.618
97950	1769.740
97960	1491.697
97965	4908.923
97970	3779.113
97980	5444.112
97999	832.574
98100	7163.190
98120	522.909
98230	4990.764
98310	3379.946
98350	4563.415
98360	1856.781
98400	4905.069
98420	4915.651
98440	1880.530
98450	6557.876
98500	5156.961
98510	1934.928
98530	7318.949
98550	4068.838
98560	3043.673
98570	6495.244
98580	4615.347
98600	5273.542
98620	3494.588
98630	6645.813
98660	4310.395
98710	4559.996
98720	6769.540
98760	5189.040
98770	2568.357
98780	4259.003
98790	4088.837
98800	6385.626
98810	2552.228
98820	8295.637
98830	15942.745
98840	4422.325
98850	5489.449
98900	6372.682
98920	4390.902
98930	2394.314
98950	8285.024
98960	10843.454
98970	5862.700
98980	1455.666
98995	7489.445
99100	8742.305
99110	4951.976
99120	6067.570
99130	6718.213
99135	2004.578
99140	3738.349
99150	4488.736
99160	5323.497
99170	7780.753
99180	3462.257
99190	5829.935
99195	7403.740
99230	4966.940
99240	4725.504
99250	14345.471
99270	3590.040
99280	5874.756
99290	7357.538
99300	7932.284
99310	5391.749
99320	3894.833
99330	2816.756
99340	8431.470
99360	5262.556
99400	5468.956
99410	6104.651
99420	1158.212
99430	7231.835
99440	10706.537
99450	2645.019
99460	5873.199
99470	12026.462
99490	7888.029
99510	6547.624
99520	3421.637
99530	5577.562
99540	5813.525
99550	3894.753
99555	4090.189
99560	5684.805
99600	5470.435
99610	2038.728
82815	2549.574
82820	2068.010
82830	2267.369
82840	432.360
82850	1632.177
82865	1860.130
82870	1917.561
82880	545.935
82900	6202.508
82915	2125.550
82960	4342.372
82967	8586.036
82980	2101.434
83100	5805.787
83130	1448.466
83140	1100.237
83150	2477.250
83160	4503.684
83320	429.611
83330	3073.571
83340	1159.933
83400	313.740
83430	1947.247
83450	2889.128
83460	1750.431
83480	1819.085
83500	2011.915
83550	2400.126
83630	1864.760
83660	2971.141
83700	5610.100
83720	2903.823
83830	2462.054
83835	2503.383
83840	1928.419
83855	4278.715
83870	3699.901
83880	3887.712
83900	5146.569
83910	2815.735
83915	313.054
83940	3169.840
83950	4205.810
83960	4674.267
83985	105.002
84100	5467.911
84460	2526.267
84540	493.875
84650	2723.789
84770	143.932
84880	1046.880
85100	3117.871
85120	3511.953
85140	2084.038
85150	627.314
85160	3669.720
85180	2138.210
85200	2086.654
85210	2610.443
85230	3118.886
85310	1794.802
85320	1341.602
85340	1430.665
85410	4014.252
85430	1808.240
85450	2333.133
85470	6805.575
85500	2263.075
85540	1206.502
85560	3586.648
85580	2201.422
85620	2035.234
85630	1038.993
85640	1627.777
85660	2325.600
85710	3399.323
85730	2489.743
85840	3975.448
85900	3960.353
85930	4362.237
85940	2271.204
85980	3618.049
86100	3294.586
86110	1574.358
86160	3191.675
86170	4085.942
86210	2304.033
86220	2427.170
86230	2188.956
86240	2262.176
86300	6747.851
86350	1620.366
86360	3105.745
86400	8671.425
86440	1670.223
86460	3886.092
86470	3284.741
86480	2578.973
86510	1620.905
86530	34.083
86550	3415.711
86600	4386.660
86650	3106.553
86680	3269.599
86690	4058.434
86710	9857.942
86790	743.363
86800	1457.110
86810	832.546
86850	3932.485
86870	4341.606
86900	1297.888
86980	2513.884
87100	352.614
87150	617.338
87200	148.378
87250	2205.152
87300	386.853
87400	697.749
87500	1156.179
87700	1589.374
87800	5814.149
87830	1325.681
87850	1917.391
87900	7697.853
87910	1182.756
87930	2487.633
87950	2157.234
87970	1671.107
88120	3890.546
88200	6481.619
88270	9121.664
88300	1960.990
88310	1879.175
88340	6614.867
88350	3512.653
88380	3570.334
88400	3379.571
88440	1417.667
88460	4315.331
88470	1404.617
88490	3258.798
88530	3589.492
88600	4717.705
88610	5055.407
88615	102.429
88620	6256.417
88640	1628.611
88670	3328.361
88690	5153.289
88730	4670.680
88740	2087.574
88760	6350.324
88820	881.640
89140	3549.711
89200	15634.126
89210	1631.931
89320	4901.671
89330	6241.016
89400	3858.099
89430	2067.522
89440	2063.917
89540	5431.010
89560	4811.539
89600	4376.427
89610	1952.343
89640	3155.734
89660	3976.314
89670	5082.889
89680	5916.172
89730	3287.560
89740	3424.875
89760	7111.388
89770	1327.491
89780	2806.336
89800	6481.708
89830	458.126
89840	8865.120
99620	7240.945
99640	9266.978
99645	11200.407
99650	1947.141
99655	10922.152
99660	2606.157
99665	4228.056
99670	4941.598
99690	4871.703
99695	2131.369
99710	5104.271
99720	2753.877
99740	3180.064
99750	2296.810
99760	2260.353
99770	6410.326
99800	9423.008
99830	7496.674
99860	10251.977
99870	11528.447
99885	9979.855
99910	18278.011
99930	13679.659
99940	6723.938
99950	16435.043
99980	17265.001
99990	8189.723
45100	691.910
20500	253.087
20520	429.175
20540	856.119
21110	1116.029
21120	969.191
21130	770.302
21140	1234.710
21150	15.761
21160	1510.221
21180	1266.711
21555	1701.653
21560	2751.049
21570	5246.001
21590	69.596
21600	286.975
21610	1873.484
21620	1101.961
21630	1119.006
21650	32.201
21660	608.321
21670	1110.816
21680	705.818
22130	1621.157
22140	972.835
22150	2404.737
22160	122.680
22220	414.601
22240	2799.051
22270	930.047
22310	1056.247
25320	3072.300
25330	1559.718
27170	1686.543
27220	2244.815
27230	2500.685
28610	752.602
28660	2537.178
00260	151.207
00270	307.577
00280	385.934
00290	204.210
00300	164.671
00310	308.671
00510	272.785
00520	380.330
00530	442.891
00540	285.345
00550	381.676
00630	563.038
00640	505.842
00650	432.823
00660	587.604
00670	576.806
02140	571.448
02150	505.174
10300	2177.685
10320	504.687
14530	442.156
14610	422.817
14620	1282.800
16310	2430.606
16320	1314.584
16330	2211.114
16350	2509.192
16390	2015.753
19470	1447.599
19480	964.623
19510	1933.030
19540	2688.185
31900	4488.056
31930	2145.211
31950	2593.927
31960	1735.573
35520	1954.198
35530	3663.313
35540	3012.830
35550	1665.030
35600	1072.211
39310	2231.261
39340	2135.763
39360	1197.021
39380	1433.449
40340	883.748
40400	585.571
41230	3164.978
41240	3011.935
41660	5930.128
41710	3091.636
41730	2157.567
41750	3793.039
41770	3560.432
43130	1424.695
43170	5584.857
43340	3532.559
43390	3747.362
43420	3793.499
43430	2088.371
43440	3631.393
45330	1601.699
45360	1798.594
45370	2916.612
45410	4078.975
49630	464.394
49640	1898.658
49660	5670.856
49700	38.074
49720	1311.318
50600	1467.063
50670	2617.762
51430	1883.391
51440	2765.131
51450	1940.515
51460	2657.861
65730	1002.244
65760	1758.268
70200	620.304
70210	106.440
70240	361.643
70260	1600.346
70280	553.748
70870	5093.943
70900	1769.750
70910	19.064
72550	3595.720
72570	2587.939
72600	6163.325
72630	401.353
82120	4016.838
82140	551.493
82160	3306.017
82170	2232.872
82180	2255.960
82685	3126.468
82710	4124.205
82730	1777.593
83750	1274.766
83760	811.161
83780	1822.590
83825	4609.829
85800	4803.864
85820	3389.784
88900	25422.656
88930	8910.225
88940	3463.681
89110	5597.472
90120	453.017
90130	350.789
90140	287.405
92640	3453.664
92650	2469.145
92700	7314.649
92810	3559.381
92830	5465.555
92910	6194.565
92920	4801.963
96200	562.102
96300	599.170
96320	480.310
97635	2143.570
97645	5054.603
97650	2687.278
97655	4315.631
12380	2221.737
12400	3431.277
12450	2942.029
12520	1346.612
12540	1951.947
12600	3665.542
12630	1496.888
12640	1149.042
12700	3093.642
12750	4062.297
12820	1296.348
12920	3410.340
12950	1898.566
13100	491.024
13110	393.646
13130	463.881
13200	247.379
13210	414.040
13220	488.401
13250	465.686
13270	1792.521
13300	1051.310
13330	1997.151
13430	2321.674
13500	3064.875
13530	17.998
13600	651.168
13700	1005.148
13720	1233.132
13800	801.687
13880	2470.524
13900	1934.470
14140	2408.910
14200	5812.769
14240	3671.694
14300	6104.879
14430	2463.531
14450	1817.878
14500	4317.006
14680	2948.691
14690	2348.567
14700	5825.706
14770	2099.976
14810	1286.164
14820	3130.030
14840	1148.519
14870	1679.658
14930	315.891
14960	2372.889
14980	1165.377
15100	620.014
15110	460.690
15140	548.734
15150	834.924
15160	1372.695
15170	567.872
15200	379.662
15210	529.566
15230	1695.932
15240	1089.134
15270	1009.398
15300	884.152
15320	644.383
15340	1769.715
15460	2656.041
15500	561.588
15520	511.944
15540	3469.239
15550	464.865
15560	3112.476
15580	2432.557
15610	650.823
15680	1274.599
15700	2576.858
15800	449.406
15810	316.958
15820	1377.782
15830	520.652
15840	563.601
15850	693.841
15860	6.620
15870	586.869
15880	1347.663
15900	551.146
15950	1307.585
15980	768.681
16100	2386.668
16160	2442.819
16200	1086.551
16230	2958.437
16260	1573.215
16270	1833.249
16280	3766.811
16300	3771.338
16450	2870.802
16500	1091.452
16510	2246.650
16540	2009.300
16600	3924.712
16610	2967.365
16630	1945.297
16670	2572.826
16710	2322.765
16730	2799.095
16790	1883.322
16800	3972.050
16900	2513.984
16960	2379.109
16970	3465.481
17110	1579.982
17120	1361.096
17130	2255.006
17150	2528.199
17200	596.507
17220	2261.477
17240	2708.614
17320	3602.829
17410	1945.304
17430	2393.584
17440	625.705
17450	2035.090
17470	2284.900
17500	4839.672
17510	1828.512
17530	1017.806
17610	2843.297
17630	2028.001
17710	3287.697
17740	2523.549
17780	1884.609
17800	6348.989
17840	1705.088
17850	4262.967
17870	2895.194
17930	2960.851
17950	2161.993
17970	1582.506
18100	158.843
18120	1069.515
18130	831.467
18150	763.740
18200	805.637
18300	3430.714
18600	1863.823
19110	2322.837
19120	1619.582
19160	5650.013
19210	2352.010
19230	3731.749
19250	1529.060
19260	609.154
19310	2057.654
19320	2543.137
19370	4211.097
19410	3776.822
19420	2918.033
19430	2914.887
19460	3698.779
34600	4844.199
34640	2169.328
34710	4256.931
34730	4005.504
34740	1555.253
34770	4619.037
34800	4141.921
34870	2967.712
34910	3139.307
34930	2943.348
34950	2450.018
34970	1618.723
34980	1620.171
35100	1142.099
35220	3466.958
35240	1656.264
35260	848.437
35270	2754.906
35300	371.882
35320	2936.205
35400	4576.355
35420	2204.064
35480	1740.721
35500	4031.410
35610	2477.054
35630	2458.974
35700	3543.245
35740	1383.391
35750	2004.514
35800	1921.940
35820	6137.848
35990	4806.819
36100	1106.036
36110	1309.475
36120	3504.248
36200	1516.855
36220	854.394
36240	907.178
36270	258.677
36280	285.273
36340	2214.173
36420	2593.410
36430	3088.816
36450	1618.152
36520	2184.205
36570	2534.317
36600	2823.772
36640	1319.685
36660	2050.272
36720	2984.940
36760	1518.066
36810	2644.905
36840	2858.405
36880	3832.248
36910	2494.898
36930	2780.496
37100	59.534
37120	1821.419
37130	1428.149
37140	1142.361
37150	1133.377
37180	2365.481
37200	1904.959
37210	38.605
37240	921.680
37310	2207.114
37350	2277.116
37370	2433.988
37380	1601.892
37420	2990.858
37470	2253.022
37500	2527.005
37530	2034.209
37550	281.226
37560	1573.246
37570	1782.747
37600	1586.451
37630	2067.525
37700	1558.845
37720	3254.720
37740	2314.863
37770	3063.235
37800	1595.028
37830	2537.878
37850	2060.182
37860	1556.307
37900	1874.110
37910	2803.704
37960	691.623
38100	2101.515
38120	1462.126
38130	473.134
38140	2374.141
38200	1082.512
38210	4911.935
38220	3139.319
38250	3418.634
38270	2851.555
38280	3349.408
38300	2071.956
38360	4406.489
38420	2893.574
38460	2399.713
38470	2776.939
38490	1054.518
38510	3714.869
38600	561.492
38650	2486.420
38670	2857.287
38680	1919.538
38700	2302.226
38710	694.599
38720	4207.279
38740	1954.512
38750	1956.444
38760	3213.230
38770	1307.009
38800	6429.236
38840	2383.481
38860	2161.553
38910	1947.844
38920	1640.568
38950	4648.742
38970	1604.578
39100	748.988
39110	704.439
39130	3095.334
39150	1489.239
39160	1522.313
39170	1091.013
39180	645.795
39195	1645.074
39200	2003.694
39230	1150.732
39290	2355.139
39410	3291.906
39430	2220.951
39450	4332.717
94800	512.571
94830	715.441
94900	984.685
95100	4366.027
95110	2584.318
95130	2736.285
95160	10180.965
95200	5861.067
95210	940.876
95220	502.782
95225	2108.484
95230	2527.560
95255	3889.403
95260	5857.926
95270	4516.230
95300	4999.645
95310	1560.925
95315	2322.498
95325	4387.405
95330	5985.216
95340	3636.465
95350	164.073
95355	6279.953
95365	2468.239
95370	2211.519
95375	2012.976
95400	488.407
95410	1090.834
95420	1132.641
95430	286.316
95440	2465.978
95450	1088.083
95460	2557.901
95470	835.132
95490	441.228
95500	2529.910
95520	2151.930
95530	5747.084
95540	2036.210
95560	3001.589
95590	4449.915
95600	8200.718
95610	1880.383
95615	1743.215
95620	2372.349
95630	849.369
95635	2309.400
95640	5720.452
32250	2068.144
32260	2628.273
32270	3143.245
32280	1927.554
32300	2965.480
32410	3495.999
32430	447.369
32440	807.153
32450	1970.685
32500	2675.095
32520	978.737
32560	3043.449
32610	2789.084
32620	1615.031
32700	4479.217
32710	984.586
32730	1362.271
32740	1645.148
32760	2359.567
32770	1365.784
32800	726.018
32810	2413.981
32830	2073.436
32860	2173.628
32910	1502.765
32920	4714.670
33100	291.603
33180	1103.352
33200	318.820
33210	172.306
33230	573.877
33240	427.534
33250	620.635
33270	411.609
33300	1107.394
33310	586.781
33330	484.385
33340	566.021
33380	599.574
33400	1204.082
33410	1064.543
33420	481.360
33430	748.561
33450	1642.175
33470	1283.801
33480	1022.662
33500	382.863
33520	494.388
33530	371.032
33540	418.785
33560	1607.338
33580	1154.554
33610	1253.030
33680	71.102
33700	341.664
33710	713.037
33720	1556.760
33730	539.000
33800	523.066
33820	830.229
33840	921.571
33850	824.810
33870	1028.509
33880	1585.382
33900	1044.663
33920	856.964
33950	1300.253
33960	1673.237
33980	2344.534
34110	1544.084
34130	1570.018
34140	2580.439
34150	1870.319
34180	3113.886
34240	1955.734
34260	1743.242
34270	1975.235
34300	3696.968
34320	2390.323
34330	3144.826
34410	1845.197
34420	1887.935
34430	1760.394
34450	4038.187
34510	3534.016
34530	2702.760
34550	5623.943
02260	522.120
02270	656.231
02280	604.387
02290	167.497
02300	557.882
02320	624.779
02330	921.605
02340	707.477
02360	508.961
02380	494.578
02400	2213.407
02410	382.093
02420	697.332
02430	848.867
02440	1019.744
02390	1516.519
02460	762.292
02470	237.994
02480	227.916
02490	282.996
02510	602.934
02520	1084.659
02540	1314.795
02550	2649.909
02570	2181.545
02580	1792.760
02590	1614.998
02600	398.611
02610	494.473
02620	945.998
02630	620.946
02650	509.127
02660	673.738
02680	388.402
02700	557.255
02710	604.436
02720	339.044
02730	825.313
02740	1138.849
02750	411.390
02760	831.272
02770	956.658
02780	1868.633
02810	552.429
02820	149.768
02860	1554.849
02880	2166.419
02920	958.361
02940	927.899
02970	1579.158
02980	1930.350
03100	2006.564
03150	1448.849
03220	1832.304
03250	2538.352
03300	2714.794
03320	1191.926
03400	3664.244
03430	2709.240
03600	3576.048
03620	212.895
66600	6589.839
66640	719.642
66660	689.467
66680	1587.948
66710	969.593
66730	86.003
66800	1103.627
66810	2807.040
66820	3300.959
66830	1745.772
66840	2922.425
66850	3619.136
66900	2694.858
66910	1378.474
66930	2992.745
66950	1642.122
66970	2784.171
66980	862.170
66999	403.313
67100	128.065
67200	598.017
67300	546.971
67400	2064.862
67410	1646.451
67500	1705.235
67600	1963.363
67700	1015.304
67800	1104.737
67900	488.200
68100	4341.864
68150	1492.124
68210	2717.676
68220	1406.801
68230	2523.161
68240	1679.652
68300	6564.028
68320	1895.525
68370	5081.429
68380	2183.859
68390	1270.975
68410	4907.909
68500	4668.338
25870	1986.873
25900	226.039
25910	306.853
25930	167.969
25940	317.708
25950	237.045
25960	45.192
26100	609.535
26200	972.638
26410	927.350
26510	1434.200
26560	2103.746
26660	647.673
26720	428.723
26740	2171.861
26820	615.384
26840	706.227
26910	1252.092
26930	2150.323
26950	1108.417
27100	2779.765
27110	3245.812
27130	2515.128
27150	934.672
27160	560.979
27250	1680.741
27260	90.274
27310	2503.926
27320	2445.385
27340	1186.325
27400	1272.631
27420	1184.017
27430	3667.232
27450	2017.188
27500	2887.979
27510	4715.544
27600	3014.620
27640	2460.574
27650	3097.828
27670	2332.576
27710	1721.073
27730	1412.289
27740	1875.792
27750	3116.609
61810	135.777
61820	2330.669
61840	3419.130
61850	4423.310
61860	1205.392
61880	3490.336
61910	3681.698
61920	1865.319
61940	2722.009
61950	1881.797
61960	5646.664
61980	4046.223
62100	3541.618
62130	1871.484
62150	951.168
62160	2138.793
62165	1728.424
62170	2516.506
62175	3332.449
62185	3182.003
62190	354.055
62200	2890.388
62220	2242.462
62230	1048.486
62240	4308.675
62260	2417.701
62280	1261.665
62290	3101.441
62295	2970.834
62300	3368.083
62310	2600.264
62340	1650.766
62350	746.397
62370	145.405
62375	2696.228
62380	1429.945
62395	955.781
62410	1302.537
62420	2162.012
62430	655.221
62435	2179.366
62440	1845.257
62470	3159.241
62500	743.178
62510	839.826
62520	2126.079
62540	2765.127
62570	2619.221
62600	2158.169
62610	397.801
62620	2543.660
62630	4057.169
62640	2464.321
62660	3378.366
62710	393.450
62720	1541.284
62730	536.804
62740	493.882
62750	2901.930
62760	3658.707
62800	3390.364
47810	476.174
47830	464.399
47850	2715.972
47900	2586.803
47910	2253.066
48100	1024.278
48130	413.197
48200	373.147
48210	206.405
48220	471.304
48230	624.013
48300	85.568
48310	816.213
48350	429.249
48400	710.025
48410	2037.925
48600	1345.316
48700	603.184
48710	755.381
48720	817.024
08100	116.617
08150	944.438
08200	795.078
08350	726.940
08360	278.288
08450	859.306
08480	1635.411
08500	1271.324
08680	1579.923
08700	1166.000
08800	384.812
09120	3742.291
09220	2994.102
09430	2816.084
09520	1005.249
09630	1554.140
09810	2641.742
09930	2859.542
10120	1691.443
10140	1014.701
10160	1649.560
10210	265.456
10230	1983.938
10250	1392.226
10270	387.966
10330	764.463
10350	211.275
10360	2492.775
10380	1577.572
10410	966.116
10420	2019.639
10440	589.388
10470	1978.642
10480	2243.007
10520	274.728
10570	319.686
10600	174.840
10620	310.803
10640	877.966
10650	62.451
10660	1318.503
10680	1684.903
10710	915.223
10820	261.949
10900	2508.994
10940	617.613
10960	907.008
11100	410.502
11120	64.993
11130	2177.288
11310	581.733
11710	3638.458
11910	641.217
12100	2715.069
12130	1691.040
12170	2583.812
12210	1350.876
12240	3159.227
12310	1500.559
12350	2696.093
19600	6449.711
19610	1888.231
19620	2336.067
19630	2373.767
19650	8676.623
19670	2166.901
19700	5266.330
19730	822.112
19740	3025.105
19770	1352.397
19850	3068.607
19910	2865.552
19920	3399.832
19950	3951.426
20100	467.551
20200	676.011
20210	620.264
20240	954.783
20250	456.102
20300	426.351
20320	812.913
20360	1489.125
20380	1494.182
20400	863.410
20460	1767.417
20610	855.299
20660	1187.978
20700	396.782
20720	638.533
20730	289.364
89920	5259.503
90100	242.066
90150	570.903
90220	420.277
90230	282.024
90240	1296.349
90250	728.114
90310	3290.935
90400	492.557
90410	446.635
74160	3447.433
74170	3328.078
74200	1469.925
74230	3336.061
74240	2204.113
74250	5981.241
74270	3939.643
74300	5943.908
74340	1237.920
74345	2042.096
74360	1142.143
74380	5846.406
74390	4439.787
74420	1584.012
74470	2140.306
74490	4827.124
74510	379.613
74520	2735.275
74540	1233.978
74550	2980.062
74590	2257.054
82360	3109.226
82380	2374.266
82395	2288.778
82430	3493.876
82460	1819.399
82490	3646.537
82500	149.778
82510	2680.390
82580	2721.607
82590	2897.808
82600	5565.648
82655	2728.851
82660	1899.357
82670	2392.707
82675	1433.599
82750	4238.888
82760	2343.388
82770	1374.664
54920	1283.676
54930	1894.090
54940	1529.103
54950	2799.432
54960	3660.620
55100	2867.066
55120	697.180
55300	1399.191
55320	1048.281
55330	658.207
55400	825.456
55420	1438.748
55510	495.563
55610	859.605
55700	1006.671
55800	148.447
55910	1655.713
56100	2818.179
56120	2665.615
56140	6915.785
56210	2930.170
56310	6446.326
56330	1538.853
56350	5141.701
56410	3883.802
56440	3753.440
56510	1887.011
56550	1618.534
56610	2572.215
56640	831.326
56710	2417.511
39500	683.231
39530	4345.711
39580	1136.006
39590	707.933
39610	2840.071
39620	3563.350
39660	3616.081
39700	5436.789
39750	3375.910
39770	2103.780
39780	1380.007
39810	2806.800
39820	6160.320
39880	1652.505
39920	4067.053
39930	1458.110
39940	3708.961
39960	1646.517
39965	1660.975
39980	2282.820
39990	2510.270
40100	669.829
40200	352.855
40250	302.883
40270	724.068
40320	229.517
40420	699.544
40500	718.083
40520	1304.714
40530	1156.219
40600	107.639
40620	133.357
40630	256.371
40640	793.340
40660	626.583
40700	570.603
40720	405.305
40740	759.779
40800	2308.213
40820	1283.212
40900	1350.090
40930	1091.474
40950	3705.280
41120	1415.663
41140	2190.670
41160	609.851
41180	3056.071
41210	3104.210
41220	3052.444
41260	1278.017
05440	749.269
90440	1640.843
90450	1795.810
90460	2400.948
90470	930.660
90480	2643.179
90500	296.082
90860	1859.344
90900	6518.301
90910	2951.731
90940	3298.962
91100	2359.345
91110	2846.951
91140	3575.078
91150	6108.287
91200	6615.660
91210	3103.095
91240	4165.723
91260	3729.757
91300	14686.963
91310	6147.437
91410	1947.823
91430	808.311
91500	6494.998
91510	2241.408
91560	3890.114
91600	7888.767
91620	7115.976
91630	6276.032
91640	6951.326
91660	2842.575
91670	1556.615
91700	304.027
91710	1109.420
91720	7913.640
91730	3518.705
91740	3785.033
91750	2119.414
91760	5320.466
91780	3674.905
91790	1462.289
91800	5974.150
91900	5736.473
91910	1935.813
91930	2199.678
91950	3778.972
91980	4603.487
92100	171.083
92120	1154.267
92130	649.454
92140	3796.003
05800	584.471
02450	711.598
02250	565.251
93900	9594.002
93999	954.470
93830	5998.146
93800	6631.725
93600	2976.164
07170	2451.493
