Postal code	Metro	Train	Ferry	Tram	Bus
90510	0	0	0	0	10
90520	0	0	0	0	19
90530	0	0	0	0	21
90540	0	0	0	0	59
90550	0	0	0	0	12
90560	0	0	0	0	13
90570	0	0	0	0	24
90580	0	0	0	0	14
90590	0	0	0	0	16
90620	0	0	0	0	12
90630	0	0	0	0	58
90650	0	0	0	0	80
90660	0	0	0	0	78
90670	0	0	0	0	19
90800	0	0	0	0	52
90810	0	0	0	0	11
90820	0	0	0	0	22
90830	0	0	0	0	42
90840	0	0	0	0	52
90850	0	0	0	0	30
92150	0	0	0	0	16
92160	0	0	0	0	53
92180	0	0	0	0	0
92210	0	0	0	0	32
92220	0	0	0	0	24
92230	0	0	0	0	12
92240	0	0	0	0	4
92260	0	0	0	0	22
92320	0	0	0	0	46
92330	0	0	0	0	14
92350	0	0	0	0	23
92400	0	1	0	0	22
92430	0	0	0	0	66
92440	0	0	0	0	0
92450	0	0	0	0	0
92470	0	0	0	0	0
92500	0	0	0	0	18
92520	0	0	0	0	0
92530	0	0	0	0	0
92600	0	0	0	0	46
92610	0	0	0	0	0
92620	0	0	0	0	39
92930	0	0	0	0	38
93100	0	0	0	0	102
93140	0	0	0	0	49
93160	0	0	0	0	0
93170	0	0	0	0	6
93180	0	0	0	0	4
93187	0	0	0	0	19
93190	0	0	0	0	8
93195	0	0	0	0	10
93220	0	0	0	0	21
93225	0	0	0	0	22
93240	0	0	0	0	0
93250	0	0	0	0	0
93270	0	0	0	0	30
93277	0	0	0	0	0
93280	0	0	0	0	3
93290	0	0	0	0	0
93350	0	0	0	0	18
93390	0	0	0	0	0
93400	0	0	0	0	164
93420	0	0	0	0	0
93440	0	0	0	0	7
93470	0	0	0	0	6
93540	0	0	0	0	53
93590	0	0	0	0	7
93700	0	0	0	0	149
94100	0	1	0	0	26
94200	0	0	0	0	18
94300	0	0	0	0	0
94400	0	0	0	0	19
94430	0	0	0	0	8
94450	0	0	0	0	16
94460	0	0	0	0	0
94500	0	0	0	0	32
94600	0	0	0	0	13
94700	0	0	0	0	12
94720	0	0	0	0	2
56730	0	0	0	0	14
56800	0	1	0	0	29
57100	0	0	1	0	22
57120	0	0	0	0	0
57130	0	1	0	0	10
57170	0	0	0	0	14
57200	0	1	0	0	33
57210	0	0	0	0	46
57220	0	0	0	0	24
57230	0	0	0	0	38
57310	0	0	0	0	20
57510	0	0	0	0	12
57600	0	0	2	0	33
57710	0	0	0	0	28
57810	0	0	1	0	12
58130	0	0	0	0	13
58140	0	0	1	0	6
58150	0	0	0	0	12
58160	0	0	0	0	2
58170	0	0	0	0	12
58175	0	0	2	0	12
58180	0	0	0	0	0
58200	0	0	0	0	50
58220	0	0	0	0	0
58260	0	0	0	0	10
58300	0	0	0	0	0
58320	0	0	0	0	10
58350	0	0	0	0	16
58360	0	0	0	0	0
58390	0	0	0	0	0
58410	0	0	0	0	17
58420	0	1	0	0	6
58430	0	0	0	0	22
58450	0	2	0	0	16
58500	0	1	0	0	18
58520	0	0	0	0	0
58550	0	0	0	0	14
58570	0	0	0	0	0
58580	0	0	0	0	0
58610	0	0	0	0	27
58620	0	0	3	0	13
58650	0	0	0	0	4
58680	0	0	0	0	0
58690	0	0	0	0	0
58700	0	0	2	0	74
58720	0	0	1	0	0
58770	0	0	0	0	12
58810	0	0	0	0	29
58830	0	0	0	0	30
58850	0	0	0	0	13
58900	0	0	0	0	92
58910	0	0	0	0	22
58920	0	0	0	0	18
58940	0	0	0	0	0
59100	0	1	0	0	18
59130	0	0	0	0	20
59210	0	0	0	0	0
59310	0	0	0	0	22
59320	0	0	0	0	0
59410	0	0	0	0	0
59510	0	0	0	0	0
59520	0	0	0	0	0
59530	0	0	0	0	0
59610	0	0	0	0	0
59710	0	0	0	0	0
59720	0	0	0	0	0
59730	0	0	0	0	0
59800	0	1	0	0	13
59810	0	0	0	0	0
59820	0	0	0	0	0
60100	0	1	0	0	67
60120	0	0	0	0	19
60150	0	0	0	0	8
60200	0	0	0	0	77
60220	0	0	0	0	22
60280	0	0	0	0	3
60320	0	0	0	0	46
60420	0	0	0	0	15
60450	0	0	0	0	27
60510	0	0	0	0	46
60550	0	0	0	0	75
60560	0	0	0	0	13
60640	0	0	0	0	16
60720	0	0	0	0	20
60760	0	0	0	0	17
60800	0	0	0	0	91
61100	0	0	0	0	35
61110	0	0	0	0	13
61120	0	0	0	0	19
61140	0	0	0	0	1
61150	0	0	0	0	12
61160	0	0	0	0	18
61170	0	0	0	0	26
61180	0	0	0	0	8
61220	0	0	0	0	5
61230	0	0	0	0	24
61250	0	0	0	0	15
61270	0	0	0	0	0
61280	0	0	0	0	15
61290	0	0	0	0	0
61300	0	0	0	0	73
61310	0	0	0	0	10
61330	0	0	0	0	49
61340	0	0	0	0	14
61350	0	0	0	0	14
61360	0	0	0	0	34
61370	0	0	0	0	17
61380	0	0	0	0	9
61400	0	0	0	0	43
61410	0	1	0	0	19
61430	0	0	0	0	8
61440	0	0	0	0	18
61450	0	0	0	0	27
61460	0	0	0	0	14
61470	0	0	0	0	14
61500	0	0	0	0	37
61520	0	0	0	0	0
61550	0	1	0	0	4
61560	0	0	0	0	0
61600	0	0	0	0	34
61630	0	0	0	0	10
61640	0	0	0	0	4
61650	0	0	0	0	24
61680	0	0	0	0	0
61710	0	0	0	0	0
61720	0	0	0	0	0
61730	0	0	0	0	0
61760	0	0	0	0	0
61800	0	0	0	0	40
62810	0	0	0	0	11
62830	0	0	0	0	10
62840	0	0	0	0	1
62860	0	0	0	0	4
62870	0	0	0	0	4
62880	0	0	0	0	13
62900	0	0	0	0	53
62920	0	0	0	0	19
62940	0	0	0	0	29
62950	0	0	0	0	19
62990	0	0	0	0	3
63100	0	0	0	0	24
63120	0	0	0	0	2
63130	0	0	0	0	36
63150	0	0	0	0	11
63160	0	0	0	0	7
63210	0	0	0	0	0
63230	0	0	0	0	7
63250	0	0	0	0	0
63300	0	0	0	0	69
63320	0	0	0	0	1
63330	0	0	0	0	18
63340	0	0	0	0	14
63350	0	0	0	0	22
63355	0	0	0	0	1
63360	0	0	0	0	8
63370	0	0	0	0	23
63400	0	1	0	0	9
63410	0	0	0	0	0
63430	0	0	0	0	0
63450	0	0	0	0	2
63500	0	0	0	0	27
63510	0	0	0	0	17
63530	0	0	0	0	1
63540	0	0	0	0	5
63600	0	0	0	0	32
63610	0	1	0	0	10
63640	0	0	0	0	8
63660	0	0	0	0	14
63680	0	0	0	0	14
63700	0	1	0	0	103
63770	0	0	0	0	15
63780	0	0	0	0	12
63800	0	0	0	0	44
63830	0	0	0	0	0
63880	0	0	0	0	7
63890	0	0	0	0	0
63900	0	1	0	0	11
63910	0	0	0	0	1
63920	0	1	0	0	24
63950	0	0	0	0	4
64100	0	0	0	0	11
64140	0	0	0	0	13
64200	0	0	0	0	34
64210	0	0	0	0	0
64220	0	0	0	0	16
64230	0	0	0	0	8
64240	0	0	0	0	9
64250	0	0	0	0	10
64260	0	0	0	0	6
64300	0	0	0	0	41
64320	0	0	0	0	12
64350	0	0	0	0	37
64370	0	0	0	0	5
64440	0	0	0	0	0
64450	0	0	0	0	0
64460	0	0	0	0	0
64480	0	0	0	0	0
64490	0	0	0	0	0
64510	0	0	0	0	0
64530	0	0	0	0	0
64550	0	0	0	0	0
64610	0	0	0	0	15
64700	0	0	0	0	63
64720	0	0	0	0	13
64740	0	0	0	0	0
64760	0	0	0	0	9
64770	0	0	0	0	14
64810	0	0	0	0	36
64820	0	0	0	0	6
64830	0	0	0	0	18
64840	0	0	0	0	0
64850	0	0	0	0	2
64900	0	0	0	0	45
64930	0	0	0	0	18
65100	0	1	0	0	136
65130	0	0	0	0	0
65170	0	0	0	0	11
65200	0	0	0	0	20
65230	0	0	0	0	48
65280	0	0	0	0	92
65300	0	0	0	0	53
65320	0	0	0	0	61
65350	0	0	0	0	21
65370	0	0	0	0	30
65380	0	0	0	0	119
65410	0	0	0	0	52
65450	0	0	0	0	16
65460	0	0	0	0	4
65470	0	0	0	0	4
65480	0	0	0	0	8
65520	0	0	0	0	43
65610	0	0	0	0	26
65630	0	0	0	0	0
65650	0	0	0	0	0
65710	0	0	0	0	14
65800	0	0	0	0	9
65870	0	0	0	0	10
65920	0	0	0	0	1
65930	0	0	0	0	2
65970	0	0	0	0	0
66100	0	0	0	0	40
66140	0	0	0	0	40
66160	0	0	0	0	27
66200	0	0	0	0	9
66210	0	0	0	0	6
66220	0	0	0	0	0
66230	0	0	0	0	0
66240	0	0	0	0	25
66260	0	0	0	0	14
66270	0	0	0	0	13
66280	0	0	0	0	2
66290	0	0	0	0	1
66295	0	0	0	0	0
66300	0	0	0	0	39
66320	0	0	0	0	4
66330	0	0	0	0	10
66340	0	0	0	0	14
66350	0	0	0	0	7
66360	0	0	0	0	26
66370	0	0	0	0	16
66400	0	1	0	0	45
66420	0	0	0	0	16
66430	0	0	0	0	4
66440	0	1	0	0	31
66450	0	0	0	0	18
66460	0	0	0	0	15
66470	0	0	0	0	30
66500	0	0	0	0	61
66510	0	0	0	0	34
66520	0	0	0	0	23
66530	0	0	0	0	13
66540	0	0	0	0	0
66550	0	0	0	0	0
66560	0	0	0	0	0
66580	0	0	0	0	18
66590	0	0	0	0	1
68530	0	0	0	0	0
68550	0	0	0	0	0
68555	0	0	0	0	0
68560	0	0	0	0	0
68570	0	0	0	0	0
68580	0	0	0	0	0
68600	0	0	0	0	7
68620	0	0	0	0	0
68630	0	0	0	0	0
68660	0	0	0	0	0
68690	0	0	0	0	0
68700	0	0	0	0	2
68750	0	0	0	0	0
68800	0	0	0	0	0
68810	0	0	0	0	0
68820	0	0	0	0	0
68830	0	0	0	0	0
68840	0	0	0	0	1
68870	0	0	0	0	0
68910	0	1	0	0	9
68920	0	0	0	0	0
68930	0	0	0	0	0
68940	0	0	0	0	0
68970	0	0	0	0	0
68999	0	0	0	0	0
69100	0	1	0	0	65
69150	0	0	0	0	0
69170	0	0	0	0	14
69300	0	0	0	0	13
69310	0	0	0	0	22
69330	0	0	0	0	7
69340	0	0	0	0	8
69410	0	0	0	0	11
69420	0	0	0	0	3
69440	0	0	0	0	15
69450	0	0	0	0	7
69510	0	0	0	0	22
69550	0	0	0	0	0
69570	0	0	0	0	13
69600	0	0	0	0	68
69660	0	0	0	0	10
69700	0	0	0	0	29
69730	0	0	0	0	10
69750	0	0	0	0	24
69820	0	0	0	0	19
69830	0	0	0	0	3
69850	0	0	0	0	15
69910	0	0	0	0	14
69920	0	0	0	0	37
69950	0	0	0	0	21
69970	0	0	0	0	1
69980	0	0	0	0	39
70100	0	1	0	0	37
70110	0	0	0	0	21
70150	0	0	0	0	18
70300	0	0	0	0	13
70340	0	0	0	0	26
70400	0	0	0	0	16
70420	0	0	0	0	31
70460	0	0	0	0	18
70500	0	0	0	0	25
70600	0	0	0	0	10
70620	0	0	0	0	21
70700	0	0	0	0	58
70780	0	0	0	0	53
70800	0	0	0	0	129
70820	0	0	0	0	68
70840	0	0	0	0	32
70940	0	0	0	0	17
71130	0	0	2	0	56
71150	0	0	0	0	19
71160	0	0	0	0	52
71170	0	0	0	0	11
71200	0	0	0	0	12
71210	0	0	0	0	0
71240	0	0	0	0	0
71260	0	0	0	0	0
71280	0	0	0	0	0
71310	0	0	0	0	37
71330	0	0	1	0	37
71360	0	0	0	0	4
71380	0	0	0	0	2
71460	0	0	0	0	0
71470	0	0	0	0	0
71480	0	0	0	0	15
71490	0	0	0	0	8
71520	0	0	0	0	16
71570	0	0	0	0	39
71610	0	0	0	0	0
71640	0	0	0	0	0
71650	0	0	0	0	8
71660	0	0	0	0	0
71670	0	0	0	0	0
71680	0	0	0	0	0
71690	0	0	0	0	0
71720	0	0	0	0	10
71730	0	0	0	0	18
71740	0	0	0	0	0
71745	0	0	0	0	0
71750	0	0	0	0	24
71760	0	0	0	0	17
71775	0	0	0	0	18
71800	0	1	0	0	223
71820	0	0	0	0	18
71840	0	0	0	0	18
71850	0	0	0	0	9
71870	0	0	0	0	1
71890	0	0	0	0	35
71910	0	0	0	0	0
71920	0	0	0	0	0
71950	0	0	0	0	5
71960	0	0	0	0	30
72100	0	0	0	0	38
72140	0	0	0	0	0
72210	0	0	0	0	32
72220	0	0	0	0	0
72300	0	0	0	0	13
72310	0	0	0	0	16
72330	0	0	0	0	0
72350	0	0	0	0	0
72360	0	0	0	0	0
72380	0	0	0	0	0
72400	0	0	0	0	68
72430	0	0	0	0	32
72490	0	0	0	0	1
72510	0	0	0	0	0
72530	0	0	0	0	0
72710	0	0	0	0	14
72740	0	0	0	0	8
72810	0	0	0	0	2
72840	0	0	0	0	0
72930	0	0	0	0	0
72950	0	0	0	0	0
72980	0	0	0	0	0
73100	0	1	0	0	65
73110	0	0	0	0	0
73120	0	0	0	0	23
73200	0	0	0	0	49
73230	0	0	0	0	0
73250	0	0	0	0	0
73300	0	0	0	0	44
73310	0	0	0	0	17
73320	0	0	0	0	171
73350	0	0	0	0	25
73360	0	0	0	0	21
73410	0	0	0	0	6
73460	0	0	0	0	15
73470	0	0	0	0	18
73500	0	0	0	0	101
73600	0	0	0	0	86
73620	0	0	0	0	24
73640	0	0	0	0	18
73645	0	0	0	0	5
73670	0	0	0	0	62
73710	0	0	0	0	0
73730	0	0	0	0	0
73770	0	0	0	0	0
73810	0	0	0	0	8
73830	0	0	0	0	26
73850	0	0	0	0	0
73860	0	0	0	0	0
73900	0	0	0	0	28
73970	0	0	0	0	0
73990	0	0	0	0	0
74100	0	1	0	0	14
74120	0	0	0	0	60
74130	0	0	0	0	56
74140	0	0	0	0	78
74150	0	0	0	0	63
41270	0	0	0	0	34
41290	0	0	0	0	15
41310	0	0	0	0	103
41325	0	0	0	0	4
41330	0	0	0	0	122
41340	0	0	0	0	99
41350	0	0	0	0	60
41360	0	0	0	0	14
41370	0	0	0	0	108
41390	0	0	0	0	52
41400	0	1	0	0	125
41410	0	0	0	0	14
41440	0	0	0	0	41
41450	0	0	0	0	74
41490	0	0	0	0	47
41500	0	1	0	0	64
41520	0	0	0	0	40
41530	0	0	0	0	0
41540	0	0	0	0	0
41550	0	0	0	0	0
41560	0	0	0	0	0
41580	0	0	0	0	0
41630	0	0	0	0	60
41800	0	0	0	0	58
41820	0	0	0	0	18
41840	0	0	0	0	0
41860	0	0	0	0	16
41870	0	0	0	0	0
41880	0	0	0	0	0
41900	0	1	0	0	0
41920	0	0	0	0	5
41925	0	0	0	0	5
41930	0	0	0	0	30
41940	0	0	0	0	55
41970	0	0	0	0	0
41980	0	0	0	0	0
42100	0	1	0	0	116
42140	0	0	0	0	18
42220	0	0	0	0	22
42300	0	0	0	0	72
42330	0	0	0	0	13
42440	0	0	0	0	20
42520	0	0	0	0	0
42560	0	0	0	0	5
42600	0	0	0	0	0
42660	0	0	0	0	0
42700	0	1	0	0	69
42720	0	0	0	0	0
42800	0	1	0	0	18
42820	0	0	0	0	0
42830	0	0	0	0	0
42840	0	0	0	0	0
42850	0	0	0	0	0
42870	0	0	0	0	0
42910	0	1	0	0	0
42930	0	0	0	0	3
43100	0	0	0	0	71
43220	0	0	0	0	0
43240	0	0	0	0	0
43250	0	0	0	0	16
43270	0	0	0	0	26
43300	0	0	0	0	14
43480	0	0	0	0	0
43490	0	0	0	0	0
43500	0	0	0	0	49
43520	0	0	0	0	12
43540	0	0	0	0	0
43560	0	0	0	0	10
43610	0	0	0	0	3
43640	0	0	0	0	18
43660	0	0	0	0	37
43700	0	0	0	0	70
43720	0	0	0	0	0
43800	0	0	0	0	56
43840	0	0	0	0	10
43900	0	0	0	0	45
43940	0	0	0	0	26
43960	0	0	0	0	14
44100	0	0	0	0	21
44120	0	0	0	0	0
44150	0	0	0	0	0
44160	0	0	0	0	14
44170	0	0	0	0	14
44190	0	0	0	0	18
44200	0	0	0	0	53
44220	0	0	0	0	0
44250	0	0	0	0	20
44260	0	0	0	0	1
44280	0	0	0	0	5
44300	0	0	0	0	32
44320	0	0	0	0	0
44330	0	0	0	0	13
44350	0	0	0	0	0
44370	0	0	0	0	0
44400	0	0	0	0	0
44420	0	0	0	0	0
44440	0	0	0	0	0
44460	0	0	0	0	0
44480	0	0	0	0	0
44500	0	0	0	0	56
44530	0	0	0	0	0
44580	0	0	0	0	10
44590	0	0	0	0	0
44610	0	0	0	0	0
44630	0	0	0	0	0
44640	0	0	0	0	0
44670	0	0	0	0	0
44680	0	0	0	0	0
44730	0	0	0	0	0
44740	0	0	0	0	22
44760	0	0	0	0	10
44770	0	0	0	0	0
44790	0	0	0	0	11
44800	0	0	0	0	0
44860	0	0	0	0	0
44880	0	0	0	0	0
44910	0	0	0	0	0
44920	0	0	0	0	0
44950	0	0	0	0	0
44970	0	0	0	0	0
45120	0	0	0	0	16
45130	0	0	0	0	23
45150	0	0	0	0	12
45160	0	0	0	0	19
45200	0	0	0	0	43
45460	0	0	0	0	9
45610	0	1	0	0	107
45700	0	0	0	0	71
45720	0	0	0	0	37
45740	0	0	0	0	41
45750	0	0	0	0	1
45810	0	0	0	0	22
45910	0	0	0	0	32
45940	0	0	0	0	16
46110	0	0	0	0	23
46140	0	0	0	0	9
46230	0	0	0	0	39
46400	0	0	0	0	18
46430	0	0	0	0	19
46450	0	0	0	0	3
46530	0	0	0	0	0
46570	0	0	0	0	2
46710	0	0	0	0	44
46730	0	0	0	0	6
46750	0	0	0	0	26
46800	0	1	0	0	71
46810	0	0	0	0	43
46860	0	0	0	0	11
46900	0	1	0	0	36
46910	0	0	0	0	28
46930	0	0	0	0	24
46950	0	0	0	0	4
46960	0	0	0	0	20
47110	0	0	0	0	0
47150	0	0	0	0	12
47200	0	0	0	0	75
47260	0	0	0	0	5
47310	0	0	0	0	0
47350	0	0	0	0	5
47400	0	1	0	0	32
47440	0	0	0	0	0
47450	0	0	0	0	0
47460	0	0	0	0	0
47490	0	0	0	0	0
47520	0	0	0	0	3
47540	0	0	0	0	12
47610	0	0	0	0	0
47650	0	0	0	0	6
47710	0	0	0	0	31
47760	0	0	0	0	1
74595	0	1	0	0	27
74610	0	0	0	0	20
74630	0	0	0	0	3
74640	0	0	0	0	0
74670	0	0	0	0	0
74680	0	0	0	0	0
74700	0	1	0	0	28
74720	0	0	0	0	0
74740	0	0	0	0	0
74770	0	0	0	0	0
74840	0	0	0	0	0
74940	0	0	0	0	0
74980	0	0	0	0	0
75500	0	1	0	0	73
75530	0	0	0	0	43
75650	0	0	0	0	19
75680	0	0	0	0	0
75700	0	0	0	0	0
75710	0	0	0	0	0
75740	0	0	0	0	0
75770	0	0	0	0	0
75790	0	0	0	0	0
75840	0	0	0	0	0
75890	0	0	0	0	0
75930	0	0	0	0	6
75940	0	0	0	0	2
75970	0	1	0	0	6
75990	0	1	0	0	13
76100	0	1	0	0	84
76120	0	0	0	0	13
76130	0	0	0	0	10
76150	0	0	0	0	14
76280	0	0	0	0	0
76620	0	0	0	0	16
76780	0	0	0	0	0
76850	0	0	0	0	46
76940	0	0	0	0	11
77110	0	0	0	0	0
77120	0	0	0	0	0
77140	0	0	0	0	2
77220	0	0	0	0	14
77240	0	0	0	0	10
77320	0	0	0	0	0
77330	0	0	0	0	0
77350	0	0	0	0	13
77380	0	0	0	0	15
77430	0	0	0	0	14
77460	0	0	0	0	23
77480	0	0	0	0	0
77520	0	0	0	0	17
77570	0	0	0	0	5
77580	0	0	0	0	2
77600	0	1	0	0	93
77630	0	0	0	0	13
77690	0	0	0	0	0
77700	0	0	0	0	23
77770	0	0	0	0	0
77800	0	0	0	0	0
77910	0	0	0	0	0
77930	0	0	0	0	0
77960	0	0	0	0	0
78200	0	1	0	0	36
78210	0	0	0	0	20
78250	0	0	0	0	17
78300	0	0	0	0	20
78310	0	0	0	0	13
78400	0	0	0	0	16
78480	0	0	0	0	0
78500	0	0	0	0	30
78610	0	0	0	0	21
78710	0	0	0	0	0
78850	0	0	0	0	39
78870	0	0	0	0	19
78880	0	0	0	0	26
78900	0	0	0	0	12
79100	0	0	0	0	0
79130	0	0	0	0	0
79140	0	0	0	0	0
79150	0	0	0	0	0
79160	0	0	0	0	0
79180	0	0	0	0	0
79190	0	0	0	0	0
79230	0	0	0	0	0
79255	0	0	0	0	0
79265	0	0	0	0	0
79330	0	0	0	0	4
79350	0	0	0	0	0
79410	0	0	0	0	7
79480	0	0	0	0	0
79520	0	0	1	0	0
79600	0	0	0	0	50
79620	0	0	0	0	26
79630	0	0	0	0	3
79660	0	0	0	0	10
79680	0	0	0	0	0
79690	0	0	0	0	0
79700	0	1	0	0	37
79810	0	0	0	0	0
79820	0	0	0	0	0
79830	0	0	0	0	0
79850	0	0	0	0	0
79860	0	0	0	0	0
79885	0	0	0	0	0
79895	0	0	0	0	0
79910	0	0	0	0	22
79940	0	1	0	0	22
80100	0	0	0	0	75
80110	0	0	0	0	8
80130	0	0	0	0	23
80140	0	0	0	0	54
80160	0	0	0	0	41
80170	0	0	0	0	28
80200	0	1	0	0	24
80210	0	0	0	0	0
80220	0	0	0	0	20
80230	0	0	0	0	46
80260	0	0	0	0	38
80330	0	0	0	0	29
80400	0	0	0	0	92
80510	0	0	0	0	36
80710	0	0	0	0	90
80770	0	0	0	0	41
80780	0	0	0	0	4
80790	0	0	0	0	1
80850	0	0	0	0	27
80910	0	0	0	0	58
81100	0	0	0	0	41
81120	0	0	0	0	38
81160	0	0	0	0	20
81200	0	1	0	0	26
81210	0	0	0	0	5
81220	0	0	0	0	25
81230	0	0	0	0	4
81235	0	0	0	0	4
81260	0	0	0	0	0
81270	0	0	0	0	8
81280	0	1	0	0	18
81290	0	0	0	0	13
81295	0	0	0	0	6
81320	0	0	0	0	0
81330	0	0	0	0	0
81350	0	0	0	0	0
81360	0	0	0	0	0
81390	0	0	0	0	0
81420	0	0	0	0	0
81430	0	0	0	0	0
81450	0	0	0	0	0
81460	0	0	0	0	0
81470	0	0	0	0	0
81560	0	0	0	0	10
81570	0	0	0	0	6
81590	0	1	0	0	0
81650	0	0	0	0	0
81660	0	0	0	0	0
81700	0	1	0	0	46
81720	0	0	0	0	27
81750	0	0	0	0	0
81810	0	0	0	0	26
81820	0	1	0	0	24
81850	0	0	0	0	20
81860	0	0	0	0	21
81950	0	0	0	0	0
81970	0	0	0	0	0
82110	0	0	0	0	40
82200	0	0	0	0	104
82210	0	0	0	0	15
82220	0	0	0	0	52
82290	0	0	0	0	34
82300	0	0	0	0	27
82310	0	0	1	0	17
82335	0	0	0	0	48
82350	0	0	0	0	12
00100	3	1	0	34	86
00120	0	0	0	16	11
00130	0	0	0	6	4
00140	0	0	4	8	15
00150	0	0	1	6	23
00160	0	0	1	13	0
00170	0	0	2	10	17
00180	1	0	1	18	25
00190	0	0	2	0	0
00200	2	0	0	0	27
00210	0	0	0	0	13
00220	0	0	0	14	5
00230	0	0	0	0	4
00240	0	2	0	7	23
00250	0	0	0	12	49
00320	0	1	0	0	60
00330	0	0	0	7	48
00340	0	0	0	0	20
00350	0	0	0	0	41
00360	0	0	0	0	6
00370	0	3	0	0	34
00380	0	0	0	0	19
00390	0	0	0	0	51
00400	0	0	0	0	54
00410	0	1	0	0	27
00420	0	1	0	0	42
00430	0	0	0	0	52
00440	0	1	0	0	20
00500	1	0	0	0	13
00560	0	0	0	10	46
00570	1	0	1	0	27
00580	0	0	0	0	11
00590	0	0	1	0	8
00600	0	0	0	0	17
00610	0	1	0	9	32
00620	0	0	0	0	24
00680	0	0	0	0	13
00690	0	0	0	0	15
00700	0	1	0	0	80
00710	0	0	0	0	50
00720	0	1	0	0	28
00730	0	1	0	0	55
00740	0	0	0	0	41
00750	0	1	0	0	33
00760	0	0	0	0	29
00770	0	0	0	0	32
00780	0	0	0	0	31
00790	0	0	0	0	39
00800	1	0	0	0	23
00810	1	0	1	0	45
00820	0	0	0	0	24
00830	0	0	0	0	8
00840	0	0	0	0	42
00850	0	0	0	0	17
00860	0	0	1	0	7
00870	0	0	0	0	23
00880	0	0	0	0	23
00890	0	0	0	0	41
00900	0	0	0	0	23
00910	0	0	0	0	31
00920	1	0	0	0	50
00930	1	0	0	0	39
00940	1	0	0	0	116
00950	0	0	0	0	41
00960	0	0	0	0	38
00970	1	0	0	0	42
00980	2	0	3	0	110
00990	0	0	0	0	25
01120	0	0	1	0	32
01150	0	0	0	0	87
01180	0	0	0	0	11
01190	0	0	0	0	36
01200	0	0	0	0	77
01230	0	0	0	0	25
01260	0	0	0	0	97
01280	0	0	0	0	39
01300	0	1	0	0	93
01340	0	0	0	0	4
01350	0	0	0	0	36
01360	0	2	0	0	58
01370	0	1	0	0	22
01380	0	0	0	0	45
01390	0	0	0	0	59
01400	0	1	0	0	48
01420	0	0	0	0	25
01450	0	1	2	0	112
01480	0	0	0	0	36
01490	0	0	0	0	73
01510	0	0	0	0	106
01520	0	0	0	0	18
01530	0	2	0	0	47
01600	0	2	0	0	49
01610	0	0	0	0	39
01620	0	2	0	0	63
01630	0	0	0	0	21
01640	0	0	0	0	28
01650	0	0	0	0	31
01660	0	0	0	0	22
01670	0	0	0	0	34
01680	0	0	0	0	18
01690	0	0	0	0	24
01700	0	1	0	0	50
01710	0	0	0	0	13
01720	0	0	0	0	24
01730	0	1	0	0	51
01740	0	0	0	0	39
01750	0	0	0	0	53
01760	0	0	0	0	76
01770	0	0	0	0	1
01800	0	0	0	0	4
01810	0	0	0	0	0
01820	0	0	0	0	0
01830	0	0	0	0	0
01840	0	0	0	0	0
01860	0	0	0	0	0
01900	0	0	0	0	12
01940	0	0	0	0	12
02100	1	0	0	0	48
02110	0	0	0	0	10
02120	0	0	0	0	14
02130	0	0	0	0	30
02160	0	0	0	0	23
02170	0	0	0	0	29
02180	0	0	0	0	25
02200	2	0	0	0	59
02210	0	0	0	0	39
02230	1	0	0	0	67
02240	0	0	0	0	16
48750	0	0	0	0	16
48770	0	0	0	0	12
48800	0	0	0	0	22
48810	0	0	0	0	21
48900	0	0	0	0	17
48910	0	0	0	0	13
48930	0	0	0	0	2
49200	0	0	0	0	18
49210	0	0	0	0	10
49220	0	0	0	0	70
49240	0	0	0	0	20
49270	0	0	0	0	24
49290	0	0	0	0	11
49300	0	1	0	0	23
49340	0	0	0	0	11
49400	0	0	0	0	166
49410	0	0	0	0	17
49420	0	0	0	0	30
49460	0	0	0	0	15
49480	0	0	0	0	4
49490	0	0	0	0	18
49510	0	0	0	0	25
49520	0	0	0	0	8
49540	0	0	0	0	16
49570	0	0	0	0	14
49610	0	0	0	0	0
49730	0	0	0	0	0
49750	0	0	0	0	0
49760	0	0	0	0	0
49770	0	0	0	0	0
49780	0	0	0	0	1
49840	0	0	0	0	19
49860	0	0	0	0	22
49900	0	0	0	0	25
49930	0	0	0	0	2
49960	0	0	0	0	12
49980	0	0	0	0	12
50100	0	1	0	0	89
50120	0	0	0	0	22
50130	0	0	0	0	19
50150	0	0	0	0	23
50160	0	0	0	0	12
50170	0	0	0	0	58
50180	0	0	0	0	15
50190	0	0	0	0	19
50200	0	0	0	0	39
50300	0	0	0	0	14
50350	0	0	0	0	6
50500	0	0	0	0	32
50520	0	0	0	0	10
50700	0	0	0	0	35
50770	0	0	0	0	1
50800	0	0	0	0	18
50970	0	0	0	0	24
51130	0	0	0	0	1
51200	0	0	0	0	49
51260	0	0	0	0	0
51270	0	0	0	0	25
51310	0	0	0	0	0
51335	0	0	0	0	0
51340	0	0	0	0	0
51360	0	0	0	0	12
51380	0	0	0	0	12
51420	0	0	0	0	20
51520	0	0	0	0	37
51540	0	0	0	0	34
51600	0	1	0	0	54
51620	0	0	0	0	2
51670	0	0	0	0	2
51720	0	0	0	0	12
51740	0	0	0	0	12
51760	0	0	0	0	17
51780	0	0	0	0	0
51810	0	0	0	0	3
51820	0	0	0	0	5
51850	0	0	0	0	0
51860	0	0	0	0	0
51880	0	0	0	0	0
51890	0	0	0	0	0
51900	0	0	0	0	43
51930	0	0	0	0	14
51940	0	0	0	0	22
51980	0	0	0	0	0
52100	0	0	2	0	34
52110	0	0	0	0	18
52150	0	0	0	0	20
52200	0	0	4	0	56
52230	0	0	0	0	14
52270	0	0	0	0	7
52300	0	0	0	0	33
52320	0	0	0	0	14
52330	0	0	0	0	2
52340	0	0	0	0	0
52360	0	0	0	0	0
52420	0	0	0	0	24
52510	0	0	0	0	19
52520	0	0	0	0	9
52550	0	0	0	0	43
52610	0	0	0	0	20
52620	0	0	0	0	10
52700	0	1	0	0	2
52720	0	0	0	0	0
52730	0	0	0	0	0
52740	0	0	0	0	19
52760	0	0	0	0	0
52780	0	0	0	0	0
52830	0	0	0	0	10
52850	0	0	0	0	0
52890	0	0	0	0	0
52920	0	0	0	0	1
52960	0	0	0	0	0
52970	0	0	0	0	0
52980	0	0	0	0	0
53100	0	1	0	0	37
53130	0	0	0	0	3
53200	0	0	0	0	12
53300	0	0	0	0	100
53400	0	0	2	0	41
53420	0	0	0	0	8
53500	0	0	0	0	40
53550	0	0	0	0	15
53600	0	0	0	0	29
53650	0	0	0	0	27
53810	0	0	0	0	14
53830	0	0	0	0	28
53850	0	0	0	0	87
53900	0	0	0	0	11
53920	0	0	0	0	19
53950	0	0	0	0	26
54100	0	1	0	0	68
54110	0	0	0	0	11
54120	0	0	0	0	30
54190	0	0	0	0	4
54230	0	0	0	0	27
54250	0	0	0	0	0
54260	0	0	0	0	29
54270	0	1	0	0	29
54300	0	0	0	0	9
54310	0	0	0	0	18
54330	0	0	0	0	26
54390	0	0	0	0	2
54410	0	0	0	0	37
54430	0	0	0	0	11
54460	0	0	0	0	1
54490	0	0	0	0	0
54500	0	0	0	0	12
54510	0	0	0	0	9
54530	0	0	0	0	20
54550	0	0	0	0	0
54580	0	0	0	0	2
54590	0	0	0	0	12
54710	0	0	0	0	18
54720	0	0	0	0	0
54750	0	0	0	0	0
54770	0	0	0	0	0
54800	0	0	0	0	17
54820	0	0	0	0	20
54850	0	0	0	0	26
54915	0	0	0	0	23
03710	0	0	0	0	1
03790	0	0	0	0	1
03810	0	0	0	0	13
03850	0	0	0	0	13
03870	0	0	0	0	6
04130	0	1	0	0	258
04150	0	0	0	0	14
04170	0	0	0	0	96
04200	0	1	0	0	56
04220	0	0	0	0	36
04230	0	0	0	0	27
04240	0	0	0	0	30
04250	0	0	0	0	35
04260	0	1	0	0	30
04300	0	0	10	3	82
04310	0	0	0	8	23
04320	0	0	0	6	28
04330	0	0	0	0	11
04340	0	0	0	12	3
04350	0	0	0	0	15
04360	0	0	0	0	34
04370	0	0	0	12	15
04380	0	0	0	4	13
04390	0	0	0	6	5
04400	0	1	0	0	57
04410	0	0	0	0	67
04420	0	1	0	0	21
04430	0	1	0	0	45
04440	0	2	0	0	42
04460	0	0	0	0	16
04480	0	0	0	0	53
04500	0	0	0	0	46
04530	0	0	0	0	30
04600	0	0	0	0	79
04620	0	1	0	0	8
04630	0	0	0	0	53
04660	0	0	0	0	41
04680	0	0	0	0	29
04740	0	0	0	0	30
04770	0	0	0	0	0
04820	0	0	0	0	15
04840	0	0	0	0	5
04920	0	0	0	0	10
04940	0	0	0	0	13
05100	0	0	0	0	0
05200	0	0	0	0	0
05250	0	0	0	0	0
05400	0	1	0	0	28
05430	0	0	0	4	24
05450	0	0	0	0	9
05460	0	0	0	0	2
05470	0	0	0	0	0
05510	0	0	0	0	2
05620	0	0	0	0	21
05720	0	0	0	0	0
05810	0	0	0	0	13
05820	0	0	0	0	30
05830	0	0	0	0	14
05840	0	0	0	0	16
05850	0	0	0	0	1
05860	0	0	0	0	1
05880	0	0	0	0	11
05900	0	0	0	0	10
05950	0	0	0	0	14
06100	0	1	0	0	71
06150	0	0	0	0	18
06200	0	0	0	0	84
06400	0	0	0	0	21
06450	0	0	0	0	7
06500	0	2	0	0	61
06530	0	0	0	0	0
06650	0	0	0	0	0
06750	0	0	0	0	0
06830	0	0	0	0	1
06850	0	0	0	0	1
06880	0	0	0	0	29
06950	0	0	0	0	0
07110	0	1	0	0	57
07130	0	0	0	0	28
07150	0	0	0	0	29
07190	0	0	0	0	41
07220	0	0	0	0	16
07230	0	0	0	0	22
07280	0	0	0	0	36
07310	0	0	0	0	15
07320	0	0	0	0	20
07350	0	0	0	0	0
07360	0	0	1	0	0
07370	0	0	0	0	0
07390	0	0	0	0	0
07410	0	0	0	0	19
07450	0	0	0	0	25
07500	0	0	0	0	0
07510	0	0	0	0	13
07530	0	0	0	0	0
07550	0	0	0	0	4
07560	0	0	0	0	9
07565	0	0	0	0	0
07580	0	0	0	0	0
07590	0	0	0	0	26
07600	0	0	0	0	62
07680	0	0	0	0	10
07690	0	0	0	0	0
07700	0	0	0	0	11
07720	0	0	0	0	2
07740	0	0	0	0	14
07750	0	0	0	0	12
07780	0	0	0	0	0
07800	0	0	0	0	16
07810	0	0	0	0	19
07820	0	0	0	0	23
07830	0	0	0	0	6
07840	0	0	0	0	7
07850	0	0	0	0	2
07870	0	0	0	0	20
07880	0	0	0	0	28
07890	0	0	0	0	1
07900	0	0	0	0	64
07910	0	0	0	0	16
07920	0	0	0	0	11
07930	0	0	0	0	0
07940	0	0	0	0	18
07945	0	0	0	0	29
07955	0	0	0	0	20
07960	0	0	0	0	13
07970	0	0	0	0	7
07980	0	0	0	0	19
07990	0	0	0	0	9
20740	0	0	0	0	69
20750	0	0	0	0	43
20760	0	0	0	0	32
20780	0	0	0	0	112
20800	0	0	0	0	2
20810	0	0	0	0	90
20880	0	0	0	0	31
20900	0	0	0	0	156
20960	0	0	0	0	130
21100	0	0	0	0	56
21195	0	0	2	0	5
21200	0	0	0	0	79
21210	0	0	0	0	26
21220	0	0	0	0	25
21230	0	0	0	0	46
21240	0	0	0	0	27
21250	0	0	0	0	86
21260	0	0	0	0	16
21270	0	0	0	0	63
21280	0	0	0	0	14
21290	0	0	0	0	69
21310	0	0	0	0	47
21330	0	0	0	0	65
21340	0	0	0	0	22
21350	0	0	0	0	32
21360	0	0	0	0	71
21370	0	0	0	0	9
21380	0	0	0	0	45
21410	0	0	0	0	28
21420	0	0	0	0	160
21430	0	0	0	0	61
21450	0	0	0	0	80
21480	0	0	0	0	27
21490	0	0	0	0	32
21500	0	0	0	0	169
21510	0	0	0	0	35
21520	0	0	0	0	0
21530	0	0	0	0	136
21540	0	0	0	0	14
21710	0	0	2	0	2
21720	0	0	0	0	1
21740	0	0	0	0	0
21750	0	0	0	0	0
21760	0	0	0	0	1
21770	0	0	1	0	1
21800	0	0	0	0	19
21820	0	0	0	0	18
21840	0	0	0	0	0
21860	0	0	0	0	0
21870	0	0	0	0	19
21880	0	0	0	0	1
21890	0	0	0	0	0
21900	0	0	0	0	36
21930	0	0	0	0	26
22100	0	0	0	0	0
22120	0	0	0	0	0
22320	0	0	0	0	0
22330	0	0	0	0	0
22340	0	0	0	0	0
22410	0	0	0	0	0
22430	0	0	0	0	0
22520	0	0	0	0	0
22530	0	0	0	0	0
22550	0	0	0	0	0
22610	0	0	0	0	0
22630	0	0	0	0	0
22710	0	0	0	0	0
22720	0	0	0	0	0
22730	0	0	0	0	0
22810	0	0	0	0	0
22820	0	0	0	0	0
22830	0	0	0	0	0
22840	0	0	0	0	0
22910	0	0	0	0	0
22920	0	0	0	0	0
22930	0	0	0	0	0
22940	0	0	0	0	0
22950	0	0	0	0	0
23100	0	0	0	0	49
23120	0	0	0	0	39
23140	0	0	0	0	21
23200	0	0	0	0	36
23210	0	0	0	0	16
23260	0	0	0	0	7
23310	0	0	0	0	48
23360	0	0	3	0	25
23390	0	0	4	0	0
23450	0	0	0	0	18
23500	0	0	0	0	75
23600	0	0	0	0	18
23660	0	0	0	0	0
23800	0	0	0	0	24
23840	0	0	0	0	0
23880	0	0	0	0	0
23930	0	0	0	0	0
23950	0	0	0	0	23
23960	0	0	0	0	18
24100	0	1	0	0	10
24130	0	0	0	0	38
24240	0	0	0	0	4
24260	0	0	0	0	18
24280	0	0	0	0	0
24800	0	0	0	0	19
24910	0	0	0	0	0
25110	0	0	0	0	0
25130	0	0	0	0	0
25160	0	0	0	0	0
25170	0	0	0	0	10
25180	0	0	0	0	0
25190	0	0	0	0	0
25210	0	0	0	0	0
25230	0	0	0	0	0
25240	0	0	0	0	0
25250	0	0	0	0	4
25260	0	0	0	0	25
25340	0	0	0	0	7
25360	0	0	0	0	18
25370	0	0	0	0	11
25380	0	0	0	0	0
25390	0	0	0	0	0
25410	0	0	0	0	0
25420	0	0	0	0	0
25430	0	0	0	0	0
25460	0	0	0	0	0
25470	0	0	0	0	0
25500	0	0	0	0	24
25520	0	0	0	0	14
25540	0	0	0	0	0
25550	0	0	0	0	0
25560	0	0	0	0	0
25570	0	0	0	0	0
25610	0	0	0	0	37
25630	0	0	0	0	21
25640	0	0	2	0	11
25650	0	0	0	0	24
25660	0	0	0	0	0
25700	0	0	0	0	70
25710	0	0	0	0	11
25730	0	0	0	0	0
25760	0	0	0	0	0
25810	0	0	0	0	0
25820	0	0	0	0	0
25830	0	0	0	0	0
25840	0	0	0	0	0
25860	0	0	0	0	9
27800	0	0	0	0	26
27820	0	0	0	0	9
27840	0	0	0	0	2
27860	0	0	0	0	7
27910	0	0	0	0	0
27920	0	0	0	0	11
28100	0	0	0	0	80
28120	0	0	0	0	22
28130	0	1	0	0	38
28190	0	0	0	0	68
28200	0	0	0	0	51
28220	0	0	0	0	66
28240	0	0	0	0	0
28260	0	0	0	0	15
28300	0	0	0	0	13
28330	0	0	0	0	30
28360	0	0	0	0	28
28370	0	0	0	0	7
28400	0	0	0	0	35
28430	0	0	0	0	14
28450	0	0	0	0	54
28500	0	0	0	0	16
28540	0	0	0	0	13
28560	0	0	0	0	19
28580	0	0	0	0	12
28600	0	0	0	0	55
28760	0	0	0	0	46
28800	0	0	0	0	47
28840	0	0	0	0	22
28880	0	0	0	0	13
28900	0	0	0	0	32
29100	0	0	0	0	29
29180	0	0	0	0	12
29200	0	1	0	0	28
29250	0	0	0	0	15
29270	0	0	0	0	0
29280	0	0	0	0	0
29310	0	0	0	0	17
29320	0	0	0	0	3
29340	0	0	0	0	0
29350	0	0	0	0	0
29570	0	0	0	0	27
29600	0	0	0	0	67
29630	0	0	0	0	36
29640	0	0	0	0	16
29680	0	0	0	0	0
29700	0	0	0	0	31
29720	0	0	0	0	17
29740	0	0	0	0	6
29750	0	0	0	0	0
29760	0	0	0	0	0
29790	0	0	0	0	24
29810	0	0	0	0	41
29830	0	0	0	0	21
29860	0	0	0	0	2
29880	0	0	0	0	3
29900	0	0	0	0	35
29940	0	0	0	0	0
30100	0	0	0	0	86
30300	0	0	0	0	3
30420	0	0	0	0	8
31110	0	0	0	0	14
31130	0	0	0	0	20
31140	0	0	0	0	0
31160	0	0	0	0	0
31170	0	0	0	0	24
31230	0	0	0	0	0
31250	0	0	0	0	0
31300	0	0	0	0	26
31310	0	0	0	0	0
31340	0	0	0	0	16
31350	0	0	0	0	8
31370	0	0	0	0	0
31380	0	0	0	0	4
31400	0	0	0	0	52
31410	0	0	0	0	23
31450	0	0	0	0	10
31460	0	0	0	0	0
31470	0	0	0	0	0
31490	0	0	0	0	0
31500	0	0	0	0	52
31520	0	0	0	0	12
31530	0	0	0	0	14
31600	0	0	0	0	45
31610	0	0	0	0	29
31620	0	0	0	0	3
31630	0	0	0	0	22
31640	0	1	0	0	28
31650	0	0	0	0	0
31700	0	0	0	0	38
31720	0	0	0	0	22
31730	0	0	0	0	0
31750	0	0	0	0	0
31760	0	0	0	0	34
31810	0	0	0	0	2
31830	0	0	0	0	0
31850	0	0	0	0	11
31860	0	0	0	0	20
31970	0	0	0	0	0
32100	0	0	0	0	30
32140	0	0	0	0	12
32200	0	1	0	0	74
32210	0	0	0	0	48
95645	0	0	0	0	28
95655	0	0	0	0	0
95660	0	0	0	0	13
95670	0	0	0	0	2
95675	0	0	0	0	1
95680	0	0	0	0	2
95690	0	0	0	0	0
95700	0	1	0	0	50
95710	0	0	0	0	0
95720	0	0	0	0	0
95750	0	0	0	0	18
95760	0	0	0	0	0
95770	0	0	0	0	20
95780	0	0	0	0	10
95790	0	0	0	0	22
95800	0	0	0	0	33
95830	0	0	0	0	0
95840	0	0	0	0	0
95850	0	0	0	0	0
95860	0	0	0	0	0
95900	0	1	0	0	60
95920	0	0	0	0	0
95930	0	0	0	0	11
95940	0	0	0	0	8
95950	0	0	0	0	9
95970	0	0	0	0	21
95980	0	0	0	0	10
95990	0	0	0	0	1
96100	0	1	0	0	66
96190	0	0	0	0	36
96400	0	0	0	0	26
96440	0	0	0	0	30
96460	0	0	0	0	21
96500	0	0	0	0	26
96600	0	0	0	0	39
96700	0	0	0	0	8
96800	0	0	0	0	24
96900	0	0	0	0	75
96910	0	0	0	0	19
96930	0	0	0	0	8
96960	0	0	0	0	0
97110	0	0	0	0	11
97130	0	0	0	0	30
97140	0	1	0	0	17
97145	0	0	0	0	0
97160	0	0	0	0	0
97170	0	0	0	0	0
97220	0	0	0	0	19
97240	0	0	0	0	22
97250	0	0	0	0	23
97280	0	0	0	0	0
97290	0	0	0	0	0
97310	0	0	0	0	0
97320	0	0	0	0	0
97330	0	0	0	0	0
97335	0	0	0	0	0
97340	0	0	0	0	0
97370	0	0	0	0	0
97380	0	0	0	0	0
97390	0	0	0	0	0
97420	0	0	0	0	26
97430	0	0	0	0	0
97470	0	0	0	0	17
97510	0	0	0	0	37
97520	0	0	0	0	8
97530	0	0	0	0	12
97540	0	0	0	0	12
97580	0	1	0	0	10
97590	0	0	0	0	0
97610	0	0	0	0	0
97615	0	0	0	0	0
97620	0	0	0	0	0
97625	0	0	0	0	0
97630	0	0	0	0	0
97665	0	0	0	0	0
97670	0	0	0	0	26
97675	0	0	0	0	7
97680	0	0	0	0	21
97685	0	0	0	0	0
97690	0	0	0	0	0
97700	0	0	0	0	90
97715	0	0	0	0	0
97720	0	0	0	0	22
97760	0	0	0	0	35
97765	0	0	0	0	2
97770	0	0	0	0	0
97780	0	0	0	0	0
97785	0	0	0	0	0
97810	0	0	0	0	0
97815	0	0	0	0	0
97820	0	0	0	0	0
97840	0	0	0	0	0
97850	0	0	0	0	0
97870	0	0	0	0	0
97880	0	0	0	0	0
97890	0	0	0	0	0
97895	0	0	0	0	0
97900	0	0	0	0	36
97920	0	0	0	0	0
97925	0	0	0	0	0
97940	0	0	0	0	0
97950	0	0	0	0	5
97960	0	0	0	0	8
97965	0	0	0	0	0
97970	0	0	0	0	2
97980	0	0	0	0	0
97999	0	0	0	0	0
98100	0	0	0	0	38
98120	0	1	0	0	14
98230	0	0	0	0	0
98310	0	0	0	0	23
98350	0	0	0	0	13
98360	0	0	0	0	28
98400	0	0	0	0	21
98420	0	0	0	0	0
98440	0	0	0	0	17
98450	0	0	0	0	2
98500	0	0	0	0	48
98510	0	0	0	0	11
98530	0	0	0	0	41
98550	0	0	0	0	0
98560	0	0	0	0	18
98570	0	0	0	0	7
98580	0	0	0	0	0
98600	0	0	0	0	32
98620	0	0	0	0	0
98630	0	0	0	0	0
98660	0	0	0	0	21
98710	0	0	0	0	29
98720	0	0	2	0	9
98760	0	0	0	0	0
98770	0	0	0	0	0
98780	0	0	0	0	13
98790	0	0	0	0	14
98800	0	0	0	0	46
98810	0	0	0	0	8
98820	0	0	0	0	2
98830	0	0	0	0	18
98840	0	0	0	0	0
98850	0	0	0	0	15
98900	0	0	0	0	55
98920	0	0	0	0	34
98930	0	0	0	0	28
98950	0	0	0	0	32
98960	0	0	0	0	0
98970	0	0	0	0	0
98980	0	0	0	0	0
98995	0	0	0	0	10
99100	0	0	0	0	13
99110	0	0	0	0	12
99120	0	0	0	0	0
99130	0	0	0	0	0
99135	0	0	0	0	0
99140	0	0	0	0	0
99150	0	0	0	0	0
99160	0	0	0	0	0
99170	0	0	0	0	0
99180	0	0	0	0	0
99190	0	0	0	0	0
99195	0	0	0	0	0
99230	0	0	0	0	0
99240	0	0	0	0	0
99250	0	0	0	0	0
99270	0	0	0	0	0
99280	0	0	0	0	0
99290	0	0	0	0	0
99300	0	0	0	0	37
99310	0	0	0	0	21
99320	0	0	0	0	24
99330	0	0	0	0	1
99340	0	0	0	0	1
99360	0	0	0	0	8
99400	0	0	0	0	26
99410	0	0	0	0	0
99420	0	0	0	0	1
99430	0	0	0	0	0
99440	0	0	0	0	0
99450	0	0	0	0	20
99460	0	0	0	0	8
99470	0	0	0	0	23
99490	0	0	0	0	11
99510	0	0	0	0	12
99520	0	0	0	0	0
99530	0	0	0	0	7
99540	0	0	0	0	15
99550	0	0	0	0	13
99555	0	0	0	0	2
99560	0	0	0	0	12
99600	0	0	0	0	68
99610	0	0	0	0	0
82815	0	0	0	0	22
82820	0	0	0	0	8
82830	0	0	0	0	3
82840	0	0	0	0	0
82850	0	0	0	0	0
82865	0	0	0	0	0
82870	0	0	0	0	0
82880	0	0	0	0	0
82900	0	0	0	0	17
82915	0	0	0	0	0
82960	0	0	0	0	0
82967	0	0	0	0	0
82980	0	0	0	0	0
83100	0	0	0	0	135
83130	0	0	0	0	20
83140	0	0	0	0	8
83150	0	0	0	0	20
83160	0	0	1	0	16
83320	0	0	0	0	0
83330	0	0	0	0	0
83340	0	0	0	0	0
83400	0	1	0	0	36
83430	0	0	0	0	29
83450	0	0	0	0	0
83460	0	0	0	0	8
83480	0	0	0	0	12
83500	0	0	0	0	41
83550	0	0	0	0	0
83630	0	0	0	0	0
83660	0	0	0	0	0
83700	0	0	0	0	42
83720	0	0	0	0	11
83830	0	0	0	0	6
83835	0	0	0	0	0
83840	0	0	0	0	3
83855	0	0	0	0	0
83870	0	0	0	0	0
83880	0	0	0	0	0
83900	0	0	2	0	64
83910	0	0	0	0	0
83915	0	0	0	0	0
83940	0	0	0	0	7
83950	0	0	0	0	15
83960	0	0	0	0	0
83985	0	0	0	0	0
84100	0	1	0	0	58
84460	0	0	0	0	0
84540	0	0	0	0	8
84650	0	0	0	0	23
84770	0	0	0	0	0
84880	0	0	0	0	8
85100	0	0	0	0	27
85120	0	0	0	0	0
85140	0	0	0	0	23
85150	0	0	0	0	6
85160	0	0	0	0	25
85180	0	0	0	0	0
85200	0	0	0	0	7
85210	0	0	0	0	4
85230	0	0	0	0	0
85310	0	0	0	0	24
85320	0	0	0	0	6
85340	0	0	0	0	31
85410	0	0	0	0	20
85430	0	0	0	0	4
85450	0	0	0	0	12
85470	0	0	0	0	25
85500	0	1	0	0	59
85540	0	0	0	0	24
85560	0	0	0	0	32
85580	0	0	0	0	20
85620	0	0	0	0	0
85630	0	0	0	0	0
85640	0	0	0	0	0
85660	0	0	0	0	0
85710	0	0	0	0	29
85730	0	0	0	0	6
85840	0	0	0	0	0
85900	0	0	0	0	16
85930	0	0	0	0	7
85940	0	0	0	0	5
85980	0	0	0	0	8
86100	0	0	0	0	15
86110	0	0	0	0	15
86160	0	0	0	0	2
86170	0	0	0	0	0
86210	0	0	0	0	7
86220	0	0	0	0	16
86230	0	0	0	0	14
86240	0	0	0	0	25
86300	0	1	0	0	81
86350	0	0	0	0	12
86360	0	0	0	0	15
86400	0	1	0	0	64
86440	0	0	0	0	2
86460	0	0	0	0	13
86470	0	0	0	0	1
86480	0	0	0	0	4
86510	0	0	0	0	13
86530	0	0	0	0	8
86550	0	0	0	0	24
86600	0	0	0	0	52
86650	0	0	0	0	10
86680	0	0	0	0	0
86690	0	0	0	0	0
86710	0	0	0	0	73
86790	0	0	0	0	1
86800	0	1	0	0	18
86810	0	0	0	0	0
86850	0	0	0	0	0
86870	0	0	0	0	16
86900	0	0	0	0	0
86980	0	0	0	0	0
87100	0	1	0	0	44
87150	0	0	0	0	10
87200	0	0	0	0	36
87250	0	0	0	0	57
87300	0	0	0	0	4
87400	0	0	0	0	11
87500	0	0	0	0	30
87700	0	0	0	0	41
87800	0	0	0	0	125
87830	0	0	0	0	23
87850	0	0	0	0	28
87900	0	0	0	0	58
87910	0	0	0	0	23
87930	0	0	0	0	32
87950	0	0	0	0	52
87970	0	0	0	0	17
88120	0	0	0	0	0
88200	0	0	0	0	44
88270	0	0	0	0	81
88300	0	1	0	0	94
88310	0	0	0	0	28
88340	0	0	1	0	11
88350	0	0	0	0	23
88380	0	0	0	0	26
88400	0	0	0	0	37
88440	0	0	0	0	8
88460	0	0	0	0	0
88470	0	1	0	0	31
88490	0	0	0	0	14
88530	0	0	0	0	13
88600	0	0	0	0	134
88610	0	0	0	0	82
88615	0	0	0	0	1
88620	0	0	0	0	42
88640	0	0	0	0	18
88670	0	0	0	0	21
88690	0	0	0	0	0
88730	0	0	0	0	0
88740	0	0	0	0	0
88760	0	0	0	0	0
88820	0	0	0	0	0
89140	0	0	0	0	5
89200	0	0	0	0	70
89210	0	0	0	0	0
89320	0	0	0	0	12
89330	0	0	0	0	1
89400	0	0	0	0	37
89430	0	0	0	0	16
89440	0	0	0	0	16
89540	0	0	0	0	0
89560	0	0	0	0	0
89600	0	0	0	0	136
89610	0	0	0	0	0
89640	0	0	0	0	4
89660	0	0	0	0	9
89670	0	0	0	0	27
89680	0	0	0	0	2
89730	0	0	0	0	2
89740	0	0	0	0	10
89760	0	0	0	0	20
89770	0	0	0	0	8
89780	0	0	0	0	11
89800	0	0	0	0	36
89830	0	0	0	0	4
89840	0	0	0	0	13
99620	0	0	0	0	9
99640	0	0	0	0	4
99645	0	0	0	0	0
99650	0	0	0	0	9
99655	0	0	0	0	0
99660	0	0	0	0	4
99665	0	0	0	0	0
99670	0	0	0	0	2
99690	0	0	0	0	11
99695	0	0	0	0	1
99710	0	0	0	0	0
99720	0	0	0	0	0
99740	0	0	0	0	0
99750	0	0	0	0	0
99760	0	0	0	0	0
99770	0	0	0	0	0
99800	0	0	0	0	32
99830	0	0	0	0	20
99860	0	0	0	0	0
99870	0	0	0	0	36
99885	0	0	0	0	0
99910	0	0	0	0	19
99930	0	0	0	0	4
99940	0	0	0	0	2
99950	0	0	0	0	1
99980	0	0	0	0	15
99990	0	0	0	0	10
45100	0	1	0	0	88
20500	0	0	0	0	34
20520	0	1	0	0	43
20540	0	0	0	0	137
21110	0	0	0	0	43
21120	0	0	0	0	15
21130	0	0	0	0	40
21140	0	0	0	0	41
21150	0	0	0	0	24
21160	0	0	0	0	51
21180	0	0	0	0	22
21555	0	0	0	0	9
21560	0	0	0	0	37
21570	0	0	0	0	35
21590	0	0	0	0	14
21600	0	0	1	0	32
21610	0	0	0	0	14
21620	0	0	0	0	32
21630	0	0	0	0	0
21650	0	0	0	0	0
21660	0	0	3	0	1
21670	0	0	0	0	1
21680	0	0	0	0	0
22130	0	0	0	0	0
22140	0	0	0	0	0
22150	0	0	0	0	0
22160	0	0	0	0	0
22220	0	0	0	0	0
22240	0	0	0	0	0
22270	0	0	0	0	0
22310	0	0	0	0	0
25320	0	0	0	0	0
25330	0	0	0	0	8
27170	0	0	0	0	0
27220	0	0	0	0	21
27230	0	0	0	0	31
28610	0	0	0	0	35
28660	0	0	0	0	26
00260	0	0	0	8	21
00270	0	0	0	15	25
00280	0	0	0	0	12
00290	0	0	0	0	6
00300	0	0	0	10	5
00310	0	0	0	0	13
00510	0	0	0	18	31
00520	0	1	0	17	26
00530	1	0	2	12	42
00540	1	0	0	0	10
00550	0	0	0	10	28
00630	0	0	0	0	32
00640	0	1	0	0	39
00650	0	0	0	0	13
00660	0	0	0	0	35
00670	0	0	0	0	29
02140	0	0	0	0	36
02150	2	0	0	0	25
10300	0	1	0	0	22
10320	0	0	0	0	0
14530	0	0	0	0	3
14610	0	0	0	0	25
14620	0	0	0	0	19
16310	0	0	0	0	15
16320	0	0	0	0	12
16330	0	0	0	0	21
16350	0	0	0	0	19
16390	0	0	0	0	18
19470	0	0	0	0	12
19480	0	0	0	0	6
19510	0	0	0	0	0
19540	0	0	0	0	0
31900	0	0	0	0	52
31930	0	0	0	0	8
31950	0	0	0	0	0
31960	0	0	0	0	0
35520	0	0	0	0	9
35530	0	0	0	0	11
35540	0	0	0	0	10
35550	0	0	0	0	16
35600	0	0	0	0	10
39310	0	0	0	0	85
39340	0	0	0	0	9
39360	0	0	0	0	17
39380	0	0	0	0	4
40340	0	0	0	0	40
40400	0	0	0	0	32
41230	0	0	0	0	40
41240	0	0	0	0	0
41660	0	0	0	0	159
41710	0	0	0	0	4
41730	0	0	0	0	0
41750	0	0	0	0	0
41770	0	0	0	0	36
43130	0	0	0	0	20
43170	0	0	0	0	0
43340	0	0	0	0	10
43390	0	0	0	0	0
43420	0	0	0	0	0
43430	0	0	0	0	0
43440	0	0	0	0	0
45330	0	0	0	0	10
45360	0	0	0	0	25
45370	0	0	0	0	54
45410	0	0	0	0	35
49630	0	0	0	0	9
49640	0	0	0	0	9
49660	0	0	0	0	24
49700	0	0	0	0	11
49720	0	0	0	0	0
50600	0	0	0	0	33
50670	0	0	0	0	41
51430	0	0	0	0	10
51440	0	0	0	0	14
51450	0	0	0	0	2
51460	0	0	0	0	0
65730	0	0	0	0	11
65760	0	0	0	0	14
70200	0	0	0	0	49
70210	0	0	0	0	17
70240	0	0	0	0	4
70260	0	0	0	0	10
70280	0	0	0	0	11
70870	0	0	1	0	113
70900	0	0	0	0	67
70910	0	0	0	0	29
72550	0	0	0	0	17
72570	0	0	0	0	14
72600	0	0	0	0	13
72630	0	0	0	0	0
82120	0	0	0	0	26
82140	0	0	0	0	15
82160	0	0	0	0	0
82170	0	0	0	0	0
82180	0	0	0	0	0
82685	0	0	0	0	0
82710	0	0	0	0	27
82730	0	0	0	0	5
83750	0	0	0	0	17
83760	0	0	0	0	2
83780	0	0	0	0	0
83825	0	0	0	0	0
85800	0	1	0	0	46
85820	0	0	0	0	32
88900	0	0	0	0	176
88930	0	0	0	0	14
88940	0	0	0	0	2
89110	0	0	0	0	19
90120	0	0	0	0	10
90130	0	0	0	0	42
90140	0	0	0	0	15
92640	0	0	0	0	21
92650	0	0	0	0	5
92700	0	0	0	0	18
92810	0	0	0	0	7
92830	0	0	0	0	21
92910	0	0	0	0	11
92920	0	0	0	0	0
96200	0	0	0	0	28
96300	0	0	0	0	48
96320	0	0	0	0	8
97635	0	0	0	0	0
97645	0	0	0	0	0
97650	0	0	0	0	0
97655	0	0	0	0	0
12380	0	0	0	0	20
12400	0	0	0	0	73
12450	0	0	0	0	7
12520	0	0	0	0	0
12540	0	0	0	0	0
12600	0	0	0	0	0
12630	0	0	0	0	0
12640	0	0	0	0	0
12700	0	0	0	0	7
12750	0	0	0	0	0
12820	0	0	0	0	1
12920	0	0	0	0	16
12950	0	0	0	0	3
13100	0	0	0	0	67
13110	0	0	0	0	1
13130	0	0	0	0	65
13200	0	0	0	0	13
13210	0	1	0	0	57
13220	0	0	0	0	16
13250	0	0	0	0	16
13270	0	0	0	0	28
13300	0	0	0	0	34
13330	0	0	0	0	10
13430	0	0	0	0	36
13500	0	0	0	0	115
13530	0	0	0	0	2
13600	0	0	0	0	40
13700	0	0	0	0	18
13720	0	1	0	0	57
13800	0	0	0	0	22
13880	0	0	0	0	32
13900	0	0	0	0	17
14140	0	0	0	0	3
14200	0	1	0	0	112
14240	0	0	0	0	47
14300	0	0	0	0	54
14430	0	0	0	0	2
14450	0	0	0	0	0
14500	0	1	0	0	44
14680	0	0	0	0	58
14690	0	0	0	0	0
14700	0	0	0	0	55
14770	0	0	0	0	30
14810	0	0	0	0	6
14820	0	0	0	0	32
14840	0	0	0	0	6
14870	0	0	0	0	8
14930	0	0	0	0	0
14960	0	0	0	0	2
14980	0	0	0	0	0
15100	0	1	0	0	36
15110	0	0	0	0	21
15140	0	0	0	0	46
15150	0	0	0	0	28
15160	0	0	0	0	27
15170	0	0	0	0	34
15200	0	0	0	0	21
15210	0	0	0	0	47
15230	0	0	0	0	46
15240	0	0	0	0	67
15270	0	0	0	0	18
15300	0	0	0	0	51
15320	0	0	0	0	22
15340	0	0	0	0	23
15460	0	0	0	0	10
15500	0	0	0	0	11
15520	0	0	0	0	20
15540	0	1	0	0	29
15550	0	0	0	0	46
15560	0	1	0	0	78
15580	0	0	0	0	15
15610	0	0	0	0	63
15680	0	0	0	0	51
15700	0	0	0	0	78
15800	0	0	0	0	43
15810	0	0	0	0	21
15820	0	0	0	0	15
15830	0	0	0	0	22
15840	0	0	0	0	10
15850	0	0	0	0	14
15860	0	0	0	0	46
15870	0	0	0	0	28
15880	0	0	0	0	87
15900	0	0	0	0	17
15950	0	0	0	0	39
15980	0	0	0	0	11
16100	0	1	0	0	10
16160	0	0	0	0	5
16200	0	0	0	0	32
16230	0	0	0	0	0
16260	0	0	0	0	0
16270	0	0	0	0	14
16280	0	0	0	0	23
16300	0	0	0	0	138
16450	0	0	0	0	24
16500	0	1	0	0	19
16510	0	1	0	0	46
16540	0	0	0	0	4
16600	0	1	0	0	15
16610	0	0	0	0	6
16630	0	0	0	0	15
16670	0	1	0	0	0
16710	0	0	0	0	24
16730	0	0	0	0	39
16790	0	0	0	0	0
16800	0	0	0	0	33
16900	0	0	0	0	44
16960	0	0	0	0	1
16970	0	0	0	0	1
17110	0	0	0	0	38
17120	0	0	0	0	25
17130	0	0	0	0	30
17150	0	0	0	0	19
17200	0	0	0	0	60
17220	0	0	0	0	0
17240	0	0	0	0	4
17320	0	0	0	0	15
17410	0	0	0	0	0
17430	0	0	0	0	0
17440	0	0	0	0	0
17450	0	0	0	0	0
17470	0	0	0	0	0
17500	0	0	0	0	17
17510	0	0	0	0	0
17530	0	0	0	0	18
17610	0	0	0	0	0
17630	0	0	0	0	7
17710	0	0	0	0	0
17740	0	0	0	0	0
17780	0	0	0	0	0
17800	0	0	0	0	63
17840	0	0	0	0	20
17850	0	0	2	0	0
17870	0	0	0	0	0
17930	0	0	0	0	0
17950	0	0	0	0	0
17970	0	0	0	0	0
18100	0	0	0	0	59
18120	0	0	0	0	5
18130	0	0	0	0	14
18150	0	0	0	0	15
18200	0	0	0	0	19
18300	0	0	0	0	33
18600	0	0	0	0	31
19110	0	0	0	0	31
19120	0	0	0	0	4
19160	0	0	0	0	6
19210	0	0	0	0	2
19230	0	0	0	0	5
19250	0	0	0	0	0
19260	0	0	0	0	1
19310	0	0	0	0	11
19320	0	0	0	0	18
19370	0	0	0	0	25
19410	0	0	0	0	0
19420	0	0	0	0	0
19430	0	0	0	0	9
19460	0	0	0	0	0
34600	0	0	0	0	45
34640	0	0	0	0	15
34710	0	0	0	0	2
34730	0	0	0	0	0
34740	0	0	0	0	0
34770	0	0	0	0	6
34800	0	0	0	0	86
34870	0	0	0	0	26
34910	0	0	0	0	0
34930	0	0	0	0	0
34950	0	0	0	0	15
34970	0	0	0	0	13
34980	0	0	0	0	20
35100	0	1	0	0	31
35220	0	0	0	0	14
35240	0	0	0	0	6
35260	0	0	0	0	0
35270	0	0	0	0	0
35300	0	1	0	0	85
35320	0	0	0	0	32
35400	0	0	0	0	0
35420	0	0	0	0	0
35480	0	0	0	0	0
35500	0	1	0	0	45
35610	0	0	0	0	0
35630	0	0	0	0	22
35700	0	1	0	0	65
35740	0	0	0	0	10
35750	0	0	0	0	18
35800	0	0	0	0	12
35820	0	0	0	0	81
35990	0	1	0	0	0
36100	0	0	0	0	14
36110	0	0	0	0	43
36120	0	0	0	0	29
36200	0	0	0	0	207
36220	0	0	0	0	36
36240	0	0	0	0	20
36270	0	0	0	0	82
36280	0	0	0	0	1
36340	0	0	0	0	34
36420	0	0	0	0	33
36430	0	0	0	0	6
36450	0	0	0	0	0
36520	0	0	0	0	2
36570	0	0	0	0	12
36600	0	0	0	0	72
36640	0	0	0	0	10
36660	0	0	0	0	4
36720	0	0	0	0	17
36760	0	0	0	0	18
36810	0	0	0	0	21
36840	0	0	0	0	16
36880	0	0	0	0	18
36910	0	0	0	0	20
36930	0	0	0	0	16
37100	0	1	0	0	52
37120	0	0	0	0	97
37130	0	0	0	0	15
37140	0	0	0	0	30
37150	0	0	0	0	23
37180	0	0	0	0	10
37200	0	0	0	0	28
37210	0	0	0	0	0
37240	0	0	0	0	6
37310	0	0	0	0	18
37350	0	0	0	0	0
37370	0	0	0	0	16
37380	0	0	0	0	0
37420	0	0	0	0	0
37470	0	0	0	0	29
37500	0	1	0	0	95
37530	0	0	0	0	28
37550	0	0	0	0	30
37560	0	0	0	0	26
37570	0	0	0	0	14
37600	0	0	0	0	164
37630	0	0	0	0	73
37700	0	0	0	0	26
37720	0	0	0	0	8
37740	0	0	0	0	4
37770	0	0	0	0	36
37800	0	1	0	0	58
37830	0	1	0	0	22
37850	0	0	0	0	17
37860	0	0	0	0	19
37900	0	0	0	0	5
37910	0	0	0	0	32
37960	0	0	0	0	8
38100	0	1	0	0	24
38120	0	0	0	0	0
38130	0	0	0	0	0
38140	0	0	0	0	2
38200	0	0	0	0	15
38210	0	1	0	0	41
38220	0	0	0	0	4
38250	0	0	0	0	32
38270	0	0	0	0	0
38280	0	0	0	0	26
38300	0	0	0	0	50
38360	0	0	0	0	43
38420	0	0	0	0	15
38460	0	0	0	0	16
38470	0	0	0	0	0
38490	0	0	0	0	2
38510	0	0	0	0	0
38600	0	0	0	0	37
38650	0	0	0	0	0
38670	0	0	0	0	0
38680	0	0	0	0	0
38700	0	0	0	0	48
38710	0	0	0	0	0
38720	0	0	0	0	29
38740	0	0	0	0	16
38750	0	0	0	0	16
38760	0	0	0	0	0
38770	0	0	0	0	8
38800	0	0	0	0	36
38840	0	0	0	0	40
38860	0	0	0	0	14
38910	0	0	0	0	59
38920	0	0	0	0	17
38950	0	0	0	0	29
38970	0	0	0	0	0
39100	0	0	0	0	30
39110	0	0	0	0	0
39130	0	0	0	0	0
39150	0	0	0	0	0
39160	0	0	0	0	11
39170	0	0	0	0	0
39180	0	0	0	0	1
39195	0	0	0	0	0
39200	0	0	0	0	34
39230	0	0	0	0	4
39290	0	0	0	0	0
39410	0	0	0	0	24
39430	0	0	0	0	12
39450	0	0	0	0	0
94800	0	0	0	0	0
94830	0	0	0	0	7
94900	0	0	0	0	0
95100	0	0	0	0	0
95110	0	0	0	0	0
95130	0	0	0	0	0
95160	0	0	0	0	0
95200	0	0	0	0	5
95210	0	0	0	0	10
95220	0	0	0	0	18
95225	0	0	0	0	6
95230	0	0	0	0	15
95255	0	0	0	0	0
95260	0	0	0	0	0
95270	0	0	0	0	0
95300	0	0	0	0	26
95310	0	0	0	0	17
95315	0	0	0	0	15
95325	0	0	0	0	24
95330	0	1	0	0	19
95340	0	0	0	0	8
95350	0	0	0	0	0
95355	0	0	0	0	0
95365	0	0	0	0	4
95370	0	0	0	0	19
95375	0	0	0	0	5
95400	0	0	0	0	18
95410	0	1	0	0	22
95420	0	0	0	0	17
95430	0	0	0	0	0
95440	0	0	0	0	13
95450	0	0	0	0	0
95460	0	0	0	0	3
95470	0	0	0	0	7
95490	0	0	0	0	0
95500	0	0	0	0	39
95520	0	0	0	0	18
95530	0	0	0	0	35
95540	0	0	0	0	31
95560	0	0	0	0	10
95590	0	0	0	0	0
95600	0	1	0	0	35
95610	0	0	0	0	25
95615	0	0	0	0	16
95620	0	0	0	0	31
95630	0	0	0	0	6
95635	0	0	0	0	16
95640	0	0	0	0	29
32250	0	0	0	0	2
32260	0	0	0	0	1
32270	0	0	0	0	6
32280	0	0	0	0	2
32300	0	0	0	0	31
32410	0	0	0	0	12
32430	0	0	0	0	0
32440	0	0	0	0	32
32450	0	0	0	0	1
32500	0	0	0	0	17
32520	0	0	0	0	4
32560	0	0	0	0	6
32610	0	0	0	0	36
32620	0	0	0	0	10
32700	0	0	0	0	58
32710	0	0	0	0	8
32730	0	0	0	0	14
32740	0	0	0	0	18
32760	0	0	0	0	23
32770	0	0	0	0	0
32800	0	0	0	0	0
32810	0	1	0	0	1
32830	0	0	0	0	0
32860	0	0	0	0	0
32910	0	0	0	0	0
32920	0	0	0	0	0
33100	0	1	0	0	111
33180	0	0	0	0	9
33200	0	0	0	0	14
33210	0	0	0	0	18
33230	0	0	0	0	40
33240	0	0	0	0	7
33250	0	0	0	0	19
33270	0	0	0	0	39
33300	0	0	0	0	36
33310	0	0	0	0	37
33330	0	0	0	0	30
33340	0	0	0	0	27
33380	0	0	0	0	5
33400	0	0	0	0	70
33410	0	0	0	0	11
33420	0	0	0	0	24
33430	0	0	0	0	26
33450	0	0	0	0	14
33470	0	0	0	0	41
33480	0	0	0	0	46
33500	0	0	0	0	28
33520	0	0	0	0	19
33530	0	0	0	0	13
33540	0	0	0	0	37
33560	0	0	0	0	57
33580	0	0	0	0	80
33610	0	0	0	0	16
33680	0	0	0	0	84
33700	0	0	0	0	31
33710	0	0	0	0	79
33720	0	0	0	0	94
33730	0	0	0	0	26
33800	0	0	0	0	48
33820	0	0	0	0	66
33840	0	0	0	0	29
33850	0	0	0	0	11
33870	0	0	0	0	14
33880	0	0	0	0	29
33900	0	0	0	0	49
33920	0	0	0	0	9
33950	0	0	0	0	33
33960	0	0	0	0	66
33980	0	0	0	0	57
34110	0	0	0	0	28
34130	0	0	0	0	20
34140	0	0	0	0	14
34150	0	0	0	0	31
34180	0	0	0	0	0
34240	0	0	0	0	53
34260	0	0	0	0	30
34270	0	0	0	0	18
34300	0	0	0	0	93
34320	0	0	0	0	13
34330	0	0	0	0	18
34410	0	0	0	0	0
34420	0	0	0	0	0
34430	0	0	0	0	0
34450	0	0	0	0	24
34510	0	0	0	0	22
34530	0	0	0	0	14
34550	0	0	0	0	0
02260	0	0	0	0	21
02270	0	0	0	0	34
02280	0	0	0	0	17
02290	0	0	0	0	0
02300	0	0	0	0	19
02320	0	0	1	0	67
02330	0	0	0	0	53
02340	0	0	0	0	23
02360	0	0	0	0	57
02380	0	0	1	0	19
02400	0	2	0	0	126
02410	0	0	0	0	5
02420	0	1	0	0	43
02430	0	1	0	0	22
02440	0	0	0	0	5
02390	0	0	0	0	11
02460	0	0	0	0	10
02470	0	0	0	0	10
02480	0	0	0	0	132
02490	0	0	0	0	15
02510	0	0	0	0	19
02520	0	0	0	0	29
02540	0	0	0	0	33
02550	0	0	0	0	38
02570	0	0	0	0	73
02580	0	1	0	0	83
02590	0	0	0	0	18
02600	0	1	0	0	64
02610	0	2	0	0	22
02620	0	0	0	0	40
02630	0	0	0	0	29
02650	0	0	0	0	58
02660	0	0	0	0	31
02680	0	0	0	0	15
02700	0	1	0	0	71
02710	0	0	0	0	28
02720	0	0	0	0	11
02730	0	0	0	0	32
02740	0	0	0	0	57
02750	0	1	0	0	21
02760	0	1	0	0	46
02770	0	1	0	0	72
02780	0	1	0	0	91
02810	0	0	0	0	17
02820	0	0	0	0	67
02860	0	0	0	0	30
02880	0	0	0	0	76
02920	0	0	0	0	78
02940	0	0	0	0	94
02970	0	0	0	0	99
02980	0	0	0	0	40
03100	0	0	0	0	74
03150	0	0	0	0	11
03220	0	0	0	0	0
03250	0	0	0	0	13
03300	0	0	0	0	56
03320	0	0	0	0	2
03400	0	0	0	0	65
03430	0	0	0	0	0
03600	0	0	0	0	37
03620	0	0	0	0	9
66600	0	0	0	0	59
66640	0	0	0	0	6
66660	0	0	0	0	6
66680	0	0	0	0	0
66710	0	0	0	0	12
66730	0	0	0	0	0
66800	0	0	0	0	12
66810	0	0	0	0	0
66820	0	0	0	0	0
66830	0	0	0	0	0
66840	0	0	0	0	0
66850	0	0	0	0	10
66900	0	0	0	0	0
66910	0	0	0	0	0
66930	0	0	0	0	0
66950	0	0	0	0	0
66970	0	0	0	0	0
66980	0	0	0	0	0
66999	0	0	0	0	0
67100	0	1	0	0	11
67200	0	0	0	0	1
67300	0	0	0	0	0
67400	0	0	0	0	4
67410	0	0	0	0	10
67500	0	0	0	0	8
67600	0	0	0	0	10
67700	0	0	0	0	0
67800	0	0	0	0	0
67900	0	0	0	0	0
68100	0	0	0	0	0
68150	0	0	0	0	0
68210	0	0	0	0	0
68220	0	0	0	0	0
68230	0	0	0	0	14
68240	0	0	0	0	14
68300	0	0	0	0	93
68320	0	0	0	0	2
68370	0	0	0	0	13
68380	0	0	0	0	15
68390	0	0	0	0	3
68410	0	0	0	0	19
68500	0	0	0	0	0
25870	0	0	0	0	22
25900	0	0	4	0	46
25910	0	0	0	0	0
25930	0	0	1	0	10
25940	0	0	0	0	1
25950	0	0	0	0	5
25960	0	0	0	0	0
26100	0	0	0	0	35
26200	0	0	0	0	0
26410	0	0	0	0	0
26510	0	0	0	0	34
26560	0	0	0	0	22
26660	0	0	0	0	1
26720	0	0	0	0	0
26740	0	0	0	0	5
26820	0	0	0	0	4
26840	0	0	0	0	4
26910	0	0	0	0	10
26930	0	0	0	0	0
26950	0	0	0	0	14
27100	0	0	0	0	34
27110	0	0	0	0	15
27130	0	0	0	0	20
27150	0	0	0	0	26
27160	0	0	0	0	5
27250	0	0	0	0	4
27260	0	0	0	0	3
27310	0	0	0	0	0
27320	0	0	0	0	0
27340	0	0	0	0	26
27400	0	0	0	0	35
27420	0	0	0	0	8
27430	0	0	0	0	22
27450	0	0	0	0	8
27500	0	0	0	0	17
27510	0	0	0	0	40
27600	0	0	0	0	11
27640	0	0	0	0	13
27650	0	0	0	0	3
27670	0	0	0	0	2
27710	0	0	0	0	15
27730	0	0	0	0	2
27740	0	0	0	0	3
27750	0	0	0	0	1
61810	0	0	0	0	2
61820	0	0	0	0	41
61840	0	0	0	0	14
61850	0	0	0	0	84
61860	0	0	0	0	18
61880	0	0	0	0	32
61910	0	0	0	0	0
61920	0	0	0	0	0
61940	0	0	0	0	0
61950	0	0	0	0	0
61960	0	0	0	0	0
61980	0	0	0	0	34
62100	0	1	0	0	72
62130	0	0	0	0	22
62150	0	0	0	0	5
62160	0	0	0	0	16
62165	0	0	0	0	19
62170	0	0	0	0	12
62175	0	0	0	0	5
62185	0	0	0	0	3
62190	0	0	0	0	33
62200	0	1	0	0	35
62220	0	0	0	0	18
62230	0	0	0	0	8
62240	0	0	0	0	22
62260	0	0	0	0	2
62280	0	0	0	0	8
62290	0	0	0	0	8
62295	0	0	0	0	13
62300	0	0	0	0	36
62310	0	0	0	0	32
62340	0	0	0	0	2
62350	0	0	0	0	5
62370	0	0	0	0	1
62375	0	0	0	0	59
62380	0	0	0	0	2
62395	0	0	0	0	4
62410	0	0	0	0	7
62420	0	0	0	0	5
62430	0	0	0	0	2
62435	0	0	0	0	3
62440	0	0	0	0	3
62470	0	0	0	0	0
62500	0	0	0	0	13
62510	0	0	0	0	8
62520	0	0	0	0	0
62540	0	0	0	0	9
62570	0	0	0	0	2
62600	0	0	0	0	36
62610	0	0	0	0	6
62620	0	0	0	0	14
62630	0	0	0	0	28
62640	0	0	0	0	16
62660	0	0	0	0	14
62710	0	0	0	0	24
62720	0	0	0	0	16
62730	0	0	0	0	4
62740	0	0	0	0	16
62750	0	0	0	0	8
62760	0	0	0	0	19
62800	0	0	0	0	20
47810	0	0	0	0	13
47830	0	0	0	0	3
47850	0	0	0	0	6
47900	0	0	0	0	8
47910	0	0	0	0	6
48100	0	2	2	0	26
48130	0	0	0	0	5
48200	0	1	0	0	8
48210	0	0	0	0	4
48220	0	0	0	0	17
48230	0	0	0	0	25
48300	0	0	0	0	22
48310	0	0	0	0	42
48350	0	0	0	0	6
48400	0	0	0	0	44
48410	0	0	0	0	39
48600	0	0	0	0	60
48700	0	1	0	0	26
48710	0	0	0	0	11
48720	0	1	0	0	56
08100	0	0	0	0	34
08150	0	0	0	0	7
08200	0	0	0	0	6
08350	0	0	0	0	9
08360	0	0	0	0	0
08450	0	0	0	0	14
08480	0	0	0	0	15
08500	0	0	0	0	84
08680	0	0	0	0	19
08700	0	0	0	0	45
08800	0	0	0	0	52
09120	0	0	0	0	44
09220	0	0	0	0	33
09430	0	0	0	0	39
09520	0	0	0	0	7
09630	0	0	0	0	15
09810	0	0	0	0	39
09930	0	0	0	0	5
10120	0	0	0	0	14
10140	0	0	0	0	0
10160	0	0	0	0	23
10210	0	0	0	0	41
10230	0	1	0	0	10
10250	0	0	0	0	0
10270	0	0	2	0	0
10330	0	0	0	0	0
10350	0	0	0	0	1
10360	0	0	0	0	10
10380	0	0	0	0	2
10410	0	0	0	0	0
10420	0	0	0	0	0
10440	0	0	0	0	0
10470	0	0	0	0	3
10480	0	0	0	0	11
10520	0	0	0	0	22
10570	0	0	0	0	7
10600	0	1	1	0	5
10620	0	0	0	0	9
10640	0	1	0	0	0
10650	0	0	0	0	0
10660	0	0	0	0	0
10680	0	1	0	0	0
10710	0	0	0	0	0
10820	0	1	0	0	0
10900	0	2	0	0	0
10940	0	0	0	0	0
10960	0	1	0	0	0
11100	0	0	0	0	9
11120	0	0	0	0	41
11130	0	1	0	0	22
11310	0	0	0	0	5
11710	0	0	0	0	0
11910	0	0	0	0	13
12100	0	1	0	0	0
12130	0	1	0	0	0
12170	0	0	0	0	0
12210	0	0	0	0	0
12240	0	1	0	0	0
12310	0	1	0	0	23
12350	0	0	0	0	12
19600	0	0	0	0	33
19610	0	0	0	0	0
19620	0	0	0	0	1
19630	0	0	0	0	1
19650	0	0	0	0	96
19670	0	0	0	0	10
19700	0	0	0	0	41
19730	0	0	0	0	0
19740	0	0	0	0	0
19770	0	0	0	0	1
19850	0	0	0	0	0
19910	0	0	0	0	40
19920	0	0	0	0	18
19950	0	0	0	0	8
20100	0	2	1	0	196
20200	0	0	0	0	43
20210	0	0	0	0	38
20240	0	0	0	0	58
20250	0	0	0	0	28
20300	0	0	0	0	78
20320	0	0	0	0	128
20360	0	0	0	0	89
20380	0	0	0	0	109
20400	0	0	0	0	47
20460	0	0	0	0	55
20610	0	0	0	0	29
20660	0	0	0	0	75
20700	0	0	0	0	39
20720	0	0	0	0	54
20730	0	0	0	0	5
89920	0	0	0	0	41
90100	0	1	0	0	42
90150	0	0	0	0	23
90220	0	0	0	0	25
90230	0	0	0	0	43
90240	0	0	0	0	42
90250	0	0	0	0	31
90310	0	0	0	0	51
90400	0	0	0	0	77
90410	0	0	0	0	56
74160	0	0	0	0	70
74170	0	0	0	0	26
74200	0	0	0	0	48
74230	0	0	0	0	12
74240	0	0	0	0	4
74250	0	0	0	0	1
74270	0	0	0	0	18
74300	0	0	0	0	88
74340	0	1	0	0	41
74345	0	0	0	0	4
74360	0	0	0	0	13
74380	0	0	0	0	0
74390	0	0	0	0	0
74420	0	0	0	0	9
74470	0	0	0	0	0
74490	0	0	0	0	0
74510	0	0	0	0	31
74520	0	0	0	0	33
74540	0	0	0	0	8
74550	0	0	0	0	5
74590	0	0	0	0	30
82360	0	0	0	0	11
82380	0	1	0	0	6
82395	0	0	0	0	0
82430	0	0	0	0	45
82460	0	0	0	0	13
82490	0	0	0	0	0
82500	0	0	0	0	65
82510	0	0	0	0	0
82580	0	0	0	0	0
82590	0	0	0	0	0
82600	0	0	0	0	44
82655	0	0	0	0	0
82660	0	0	0	0	0
82670	0	0	0	0	0
82675	0	0	0	0	0
82750	0	0	0	0	0
82760	0	0	0	0	0
82770	0	0	0	0	0
54920	0	0	2	0	34
54930	0	0	0	0	12
54940	0	0	0	0	0
54950	0	0	0	0	0
54960	0	0	0	0	14
55100	0	0	0	0	15
55120	0	1	0	0	10
55300	0	0	0	0	20
55320	0	0	0	0	3
55330	0	0	0	0	1
55400	0	0	0	0	4
55420	0	0	0	0	0
55510	0	0	0	0	2
55610	0	0	0	0	2
55700	0	0	0	0	0
55800	0	0	0	0	29
55910	0	0	0	0	15
56100	0	0	0	0	23
56120	0	0	0	0	1
56140	0	0	2	0	0
56210	0	0	0	0	12
56310	0	0	1	0	16
56330	0	0	0	0	0
56350	0	0	1	0	0
56410	0	0	0	0	0
56440	0	0	0	0	0
56510	0	0	0	0	12
56550	0	0	0	0	0
56610	0	0	0	0	26
56640	0	0	0	0	0
56710	0	0	0	0	0
39500	0	0	0	0	54
39530	0	0	0	0	11
39580	0	0	0	0	25
39590	0	0	0	0	19
39610	0	0	0	0	0
39620	0	0	0	0	12
39660	0	0	0	0	18
39700	0	1	0	0	54
39750	0	0	0	0	0
39770	0	0	0	0	4
39780	0	0	0	0	16
39810	0	0	0	0	22
39820	0	0	0	0	19
39880	0	0	0	0	0
39920	0	0	0	0	0
39930	0	0	0	0	11
39940	0	0	0	0	20
39960	0	0	0	0	1
39965	0	0	0	0	0
39980	0	0	0	0	1
39990	0	0	0	0	0
40100	0	1	0	0	114
40200	0	0	0	0	54
40250	0	0	0	0	58
40270	0	0	0	0	363
40320	0	0	0	0	114
40420	0	0	0	0	54
40500	0	0	0	0	77
40520	0	0	0	0	136
40530	0	0	0	0	81
40600	0	0	0	0	44
40620	0	0	0	0	11
40630	0	0	0	0	60
40640	0	0	0	0	90
40660	0	0	0	0	39
40700	0	0	0	0	41
40720	0	0	0	0	15
40740	0	0	0	0	37
40800	0	0	0	0	185
40820	0	0	0	0	14
40900	0	0	0	0	74
40930	0	0	0	0	32
40950	0	0	0	0	241
41120	0	0	0	0	120
41140	0	0	0	0	74
41160	0	0	0	0	130
41180	0	0	0	0	34
41210	0	0	0	0	15
41220	0	0	0	0	8
41260	0	0	0	0	0
05440	0	0	0	0	0
90440	0	0	0	0	79
90450	0	0	0	0	69
90460	0	0	0	0	54
90470	0	0	0	0	30
90480	0	0	0	0	44
90500	0	0	0	0	28
90860	0	0	0	0	13
90900	0	0	0	0	90
90910	0	0	0	0	28
90940	0	0	0	0	57
91100	0	0	0	0	45
91110	0	0	0	0	20
91140	0	0	0	0	0
91150	0	0	0	0	0
91200	0	0	0	0	37
91210	0	0	0	0	18
91240	0	0	0	0	1
91260	0	0	0	0	0
91300	0	0	0	0	37
91310	0	0	0	0	16
91410	0	0	0	0	18
91430	0	0	0	0	4
91500	0	1	0	0	135
91510	0	0	0	0	36
91560	0	0	0	0	0
91600	0	1	0	0	64
91620	0	0	0	0	0
91630	0	0	0	0	0
91640	0	0	0	0	0
91660	0	0	0	0	2
91670	0	0	0	0	0
91700	0	1	0	0	49
91710	0	0	0	0	2
91720	0	0	0	0	0
91730	0	0	0	0	16
91740	0	0	0	0	14
91750	0	0	0	0	10
91760	0	0	1	0	27
91780	0	0	0	0	4
91790	0	0	0	0	14
91800	0	0	0	0	83
91900	0	0	0	0	148
91910	0	0	0	0	32
91930	0	0	0	0	20
91950	0	0	0	0	0
91980	0	0	0	0	49
92100	0	0	0	0	28
92120	0	0	0	0	29
92130	0	0	0	0	33
92140	0	0	0	0	79
05800	0	1	0	0	23
02450	0	0	0	0	7
02250	0	0	0	0	13
93900	0	0	0	0	102
93999	0	0	0	0	0
93830	0	0	0	0	72
93800	0	0	0	0	169
93600	0	0	0	0	73
07170	0	0	0	0	56
